{"current":{"header_style_1":"style_2","footer_style":"prt_footer_style_1","colors_solid_button_labels":"#ffffff","colors_accent_1":"#000000","gradient_accent_1":"","colors_accent_2":"#fca120","gradient_accent_2":"","colors_text":"#000000","colors_outline_button_labels":"#fca120","colors_background_1":"#ffffff","gradient_background_1":"","colors_background_2":"#f6f4f0","gradient_background_2":"","type_header_font":"poppins_n4","heading_scale":100,"heading-style-h1":90,"heading-style-h2":40,"h2-font-lign-height":50,"heading-style-h3":14,"h3-font-lign-height":24,"heading-style-h4":18,"h4-font-lign-height":30,"heading-style-h5":26,"heading-font-size-style":32,"heading-line-height":42,"sub-heading-font-size":24,"sub-heading-line-height":34,"general-font-size":15,"general-font-lign-height":25,"general-font-lettor-spacing":0,"type_body_font":"poppins_n5","body_scale":100,"page_width":1400,"spacing_sections":0,"spacing_grid_horizontal":28,"spacing_grid_vertical":28,"buttons_border_thickness":1,"buttons_border_opacity":0,"buttons_radius":4,"buttons_shadow_opacity":0,"buttons_shadow_horizontal_offset":0,"buttons_shadow_vertical_offset":0,"buttons_shadow_blur":0,"variant_pills_border_thickness":1,"variant_pills_border_opacity":55,"variant_pills_radius":40,"variant_pills_shadow_opacity":5,"variant_pills_shadow_horizontal_offset":0,"variant_pills_shadow_vertical_offset":4,"variant_pills_shadow_blur":5,"inputs_border_thickness":1,"inputs_border_opacity":100,"inputs_radius":4,"inputs_shadow_opacity":0,"inputs_shadow_horizontal_offset":0,"inputs_shadow_vertical_offset":4,"inputs_shadow_blur":0,"card_style":"card","card_image_padding":0,"card_text_alignment":"center","card_color_scheme":"background-2","card_border_thickness":0,"card_border_opacity":10,"card_corner_radius":4,"card_shadow_opacity":0,"card_shadow_horizontal_offset":0,"card_shadow_vertical_offset":4,"card_shadow_blur":5,"text_boxes_border_thickness":0,"text_boxes_border_opacity":10,"text_boxes_radius":0,"text_boxes_shadow_opacity":0,"text_boxes_shadow_horizontal_offset":0,"text_boxes_shadow_vertical_offset":4,"text_boxes_shadow_blur":5,"media_border_thickness":1,"media_border_opacity":5,"media_radius":4,"media_shadow_opacity":0,"media_shadow_horizontal_offset":0,"media_shadow_vertical_offset":-8,"media_shadow_blur":5,"popup_border_thickness":1,"popup_border_opacity":10,"popup_corner_radius":0,"popup_shadow_opacity":0,"popup_shadow_horizontal_offset":0,"popup_shadow_vertical_offset":4,"popup_shadow_blur":5,"drawer_border_thickness":1,"drawer_border_opacity":10,"drawer_shadow_opacity":0,"drawer_shadow_horizontal_offset":0,"drawer_shadow_vertical_offset":4,"drawer_shadow_blur":5,"badge_position":"top right","badge_corner_radius":6,"sale_badge_color_scheme":"accent-2","sold_out_badge_color_scheme":"inverse","accent_icons":"accent-2","social_twitter_link":"https:\/\/twitter.com\/shopify","social_facebook_link":"https:\/\/facebook.com\/shopify","social_pinterest_link":"https:\/\/pinterest.com\/shopify","social_instagram_link":"https:\/\/instagram.com\/shopify","social_tiktok_link":"","social_tumblr_link":"","social_snapchat_link":"","social_youtube_link":"","social_vimeo_link":"","predictive_search_enabled":true,"predictive_search_show_vendor":false,"predictive_search_show_price":false,"favicon":"shopify:\/\/shop_images\/favicon.png","currency_code_enabled":false,"cart_type":"notification","show_vendor":false,"show_cart_note":true,"checkout_logo_image":"shopify:\/\/shop_images\/logo_992e5c99-f23f-40e3-ba66-2becc5e54c43.png","checkout_sidebar_background_color":"#ffffff","checkout_heading_font":"Roboto","checkout_body_font":"Roboto","checkout_accent_color":"#000000","checkout_button_color":"#fca120","heading-font-size":66,"heading-style-h6":24,"sections":{"announcement-bar":{"type":"announcement-bar","blocks":{"announcement-bar-0":{"type":"announcement","disabled":true,"settings":{"text":"Welcome to our store","left_text_area":"left text","left_text_link":"","left_text_area2":"left text2","left_text_link2":"","text_area_right":"right text","color_scheme":"background-1","link":"","prt_section_height":36,"prt_menu":"footer"}},"d5f46804-1667-4274-91a2-a6bd86763be1":{"type":"announcement","settings":{"text":"First Five Order on 30% Discount","left_text_area":"Mid-season Sale up to<span class=\"prt-skincolor\"> 70% Off. <\/span><a href=\"https:\/\/fmart-preyantechnosys.myshopify.com\/collections\/big-billion-sale\">Shop Now !<\/a>","left_text_link":"shopify:\/\/pages\/collection2","left_text_area2":"Our Store Location","left_text_link2":"shopify:\/\/pages\/collection-with-right-sidebar","text_area_right":"","color_scheme":"inverse","link":"","prt_section_height":50,"prt_menu":"topbar-menu","prt_image":"shopify:\/\/shop_images\/announcement-bg-img_1.png"}}},"block_order":["announcement-bar-0","d5f46804-1667-4274-91a2-a6bd86763be1"],"settings":{}},"header":{"type":"header","settings":{"color_scheme":"background-1","logo":"shopify:\/\/shop_images\/zubio_logo.png","logo_width":140,"prt_menu":"shop-category-menu","category-menu-title":"Shop By Category","category_menu_width":14,"header_height":90,"logo_position":"top-left","menu":"main-menu","menu_type_desktop":"mega","show_line_separator":true,"prt_show_breadcrumb":false,"enable_sticky_header":true,"margin_top":0,"margin_bottom":0,"margin_left":0,"margin_right":0,"padding_top":18,"padding_bottom":18,"padding_left":0,"padding_right":0}},"footer":{"type":"footer","blocks":{"footer-2":{"type":"text","disabled":true,"settings":{"heading":"Your first order when you sign-up newsletter","subtext":"<p>Share contact information, store details, and brand content with your customers.<\/p><p><\/p><p><\/p>","prt_section_width":30,"prt_section_padding_left":0,"prt_section_padding_right":24,"prt_section_padding_top":12,"prt_section_padding_bottom":16,"prt_section_margin_left":10,"prt_section_margin_right":14,"prt_section_margin_top":6,"prt_section_margin_bottom":6,"prt_section_css_class":"prt_css_class","prt_section_css_id":"prt_css_id"}},"footer-0":{"type":"link_list","disabled":true,"settings":{"heading":"My Account","menu":"footer","prt_menu_section_width":16,"prt_menu_padding_left":0,"prt_menu_padding_right":0,"prt_menu_padding_top":0,"prt_menu_padding_bottom":0,"prt_menu_margin_left":0,"prt_menu_margin_right":0,"prt_menu_margin_top":2,"prt_menu_margin_bottom":0,"section_menu_css_class":""}},"footer-1":{"type":"link_list","disabled":true,"settings":{"heading":"Policies","menu":"","prt_menu_section_width":16,"prt_menu_padding_left":0,"prt_menu_padding_right":0,"prt_menu_padding_top":30,"prt_menu_padding_bottom":30,"prt_menu_margin_left":30,"prt_menu_margin_right":30,"prt_menu_margin_top":30,"prt_menu_margin_bottom":30,"section_menu_css_class":""}},"3a9a7ed6-1ceb-41c4-922a-0f725b302472":{"type":"text","disabled":true,"settings":{"heading":"(+800) 1234 5678 90","subtext":"<p>All week from 8:00 am to 10pm<\/p><p>Email:sales@themetechmount.com<\/p>","prt_section_width":26,"prt_section_padding_left":0,"prt_section_padding_right":0,"prt_section_padding_top":30,"prt_section_padding_bottom":30,"prt_section_margin_left":30,"prt_section_margin_right":30,"prt_section_margin_top":30,"prt_section_margin_bottom":30,"prt_section_css_class":"prt_css_class","prt_section_css_id":"prt_css_id"}}},"block_order":["footer-2","footer-0","footer-1","3a9a7ed6-1ceb-41c4-922a-0f725b302472"],"settings":{"color_scheme":"accent-1","prt_footer_bgcolor":"#000000","prt_footer_color":"#ffffff","newsletter_enable":false,"newsletter_heading":"Your first order when you sign-up newsletter","newsletter_button_heading":"","prt_newslettor_section_width":0,"show_social":false,"show_copyright":false,"enable_country_selector":false,"enable_language_selector":false,"payment_enable":false,"padding_top":0,"padding_bottom":0,"padding_left":0,"padding_right":0,"margin_top":0,"margin_bottom":0,"margin_left":0,"margin_right":0}},"main-password-header":{"type":"main-password-header","settings":{"logo":"{{ shop.brand.logo }}","logo_max_width":100,"color_scheme":"background-1"}},"main-password-footer":{"type":"main-password-footer","settings":{"color_scheme":"background-1"}},"header-style-2":{"type":"header-style-2","settings":{}},"header-style-3":{"type":"header-style-3","settings":{}},"header-style-1":{"type":"header-style-1","settings":{}},"breadcrumbs":{"type":"breadcrumbs","blocks":{"55f46c3f-03b7-4f45-b1a5-73bd4ef3a19b":{"type":"breadcrumbs","settings":{"color_scheme":"accent-1","prt_image":"shopify:\/\/shop_images\/titlebar1.png","padding_top":4,"padding_bottom":4,"prt_section_css_class":"prt_breadcrumb_default"}}},"block_order":["55f46c3f-03b7-4f45-b1a5-73bd4ef3a19b"],"custom_css":[],"settings":{}},"footer-style-1":{"type":"footer-style-1","blocks":{"b93672a7-0d64-46e9-8143-9e5e8d659005":{"type":"text","settings":{"heading":"<div class=\"location-us-now prt-wrap\">     <div class=\"icon-box prt-wrap-cell\">         <img src=\"https:\/\/cdn.shopify.com\/s\/files\/1\/0667\/2207\/0759\/files\/call-png_256x256_crop_center.png\" alt=\"\">        <\/div>       <div class=\"title-box prt-wrap-cell\">         <span class=\"prt-text-des prt-textcolor-white\">Our Sales Team<\/span> <h3 class=\"prt-call-us-here\"><a href=\"tel:1234567890\" class=\"prt-call-us-here\"> (+800) 1234 5678 90<\/a><\/h3>     <\/div>\n<\/div>","prt_footer_widget_title_color":"#ffffff","subtext":"<p>62 North Helen Street Green Cove, FL 3204<\/p><p class=\"prt-white-color\">Phone: <a href=\"tel:123456789\">+123 456 7890<\/a><\/p><p class=\"prt-white-color\">Email: <a href=\"mailto:example@gmail.com\">example@gmail.com<\/a><\/p>","prt_footer_widget_subtitle_color":"#b1b1b1","show_social":true,"newsletter_enable":false,"newsletter_text":"newsletter placeholder","payment_enable":false,"newsletter_heading":"","prt_section_width":24,"prt_section_padding_left":0,"prt_section_padding_right":0,"prt_section_padding_top":50,"prt_section_padding_bottom":26,"prt_section_margin_left":0,"prt_section_margin_right":0,"prt_section_margin_top":0,"prt_section_margin_bottom":0,"prt_section_css_class":"prt_css_contact_details","prt_section_css_id":"prt_css_id"}},"80648409-13f7-46e4-a526-ca138aaf19bd":{"type":"link_list","settings":{"heading":"Information","menu":"footer","prt_menu_section_width":32,"prt_menu_padding_left":10,"prt_menu_padding_right":0,"prt_menu_padding_top":54,"prt_menu_padding_bottom":40,"prt_menu_margin_left":0,"prt_menu_margin_right":0,"prt_menu_margin_top":0,"prt_menu_margin_bottom":0,"section_menu_css_class":"prt-custome-footer--menu-style"}},"c2c231d5-2063-45d5-a592-ecd459ef4a23":{"type":"link_list","disabled":true,"settings":{"heading":"","menu":"","prt_menu_section_width":8,"prt_menu_padding_left":0,"prt_menu_padding_right":0,"prt_menu_padding_top":4,"prt_menu_padding_bottom":0,"prt_menu_margin_left":0,"prt_menu_margin_right":0,"prt_menu_margin_top":0,"prt_menu_margin_bottom":0,"section_menu_css_class":"Type your own CSS class"}},"f6c9b3e0-f4bd-40e0-9670-f45e866678cf":{"type":"link_list","disabled":true,"settings":{"heading":"Information","menu":"footer","prt_menu_section_width":8,"prt_menu_padding_left":8,"prt_menu_padding_right":0,"prt_menu_padding_top":10,"prt_menu_padding_bottom":0,"prt_menu_margin_left":0,"prt_menu_margin_right":0,"prt_menu_margin_top":0,"prt_menu_margin_bottom":0,"section_menu_css_class":"Type your own CSS class"}},"16b88852-aeee-4744-8895-12cb837993ce":{"type":"text","settings":{"heading":"<div class=\"newsletter-form prt-wrap\">\n<div class=\"icon-box prt-wrap-cell\"><\/div> <div class=\"title-box prt-wrap-cell\">\n<span class=\"prt-text-des prt-textcolor-white\">Off your first order when you sign-up to<br> our newsletter<\/span> <\/div>\n<\/div>","prt_footer_widget_title_color":"#ffffff","subtext":"","prt_footer_widget_subtitle_color":"#a19f9f","show_social":false,"newsletter_enable":true,"newsletter_text":"Your Email Address","payment_enable":true,"newsletter_heading":"","prt_section_width":38,"prt_section_padding_left":10,"prt_section_padding_right":0,"prt_section_padding_top":58,"prt_section_padding_bottom":0,"prt_section_margin_left":0,"prt_section_margin_right":0,"prt_section_margin_top":0,"prt_section_margin_bottom":0,"prt_section_css_class":"prt_css_class","prt_section_css_id":"prt_css_id"}}},"block_order":["b93672a7-0d64-46e9-8143-9e5e8d659005","80648409-13f7-46e4-a526-ca138aaf19bd","c2c231d5-2063-45d5-a592-ecd459ef4a23","f6c9b3e0-f4bd-40e0-9670-f45e866678cf","16b88852-aeee-4744-8895-12cb837993ce"],"settings":{"color_scheme":"accent-1","prt_footer_bgcolor":"#020407","prt_image":"shopify:\/\/shop_images\/footer-bg.jpg","prt_footer_color":"#ffffff","prt_menu_footer_color":"#b1b1b1","newsletter_enable":false,"newsletter_heading":"Get Our Latets Update !","prt_footer_textarea":"<ul class=\"awards-block-inner\">\n \t<li class=\"prt-awards\"><a href=\"#\"><img src=\"https:\/\/cdn.shopify.com\/s\/files\/1\/0667\/2207\/0759\/files\/award01.png\" alt=\"\"><\/a><\/li>\n \t<li class=\"prt-awards\"><a href=\"#\"><img src=\"https:\/\/cdn.shopify.com\/s\/files\/1\/0667\/2207\/0759\/files\/award04.png\" alt=\"\"><\/a><\/li>\n \t<li class=\"prt-awards\"><a href=\"#\"><img src=\"https:\/\/cdn.shopify.com\/s\/files\/1\/0667\/2207\/0759\/files\/award03.png\" alt=\"\"><\/a><\/li>\n \t<li class=\"prt-awards\"><a href=\"#\"><img src=\"https:\/\/cdn.shopify.com\/s\/files\/1\/0667\/2207\/0759\/files\/award02.png\" alt=\"\"><\/a><\/li>\n<\/ul>","show_social":false,"enable_country_selector":true,"prt_footer_menu":"footer-menu-link2","enable_language_selector":true,"payment_enable":false,"show_copyright":true,"padding_top":0,"padding_bottom":0,"padding_left":0,"padding_right":0,"margin_top":0,"margin_bottom":0,"margin_left":0,"margin_right":0}}},"content_for_index":[]},"presets":{"Default":{"colors_solid_button_labels":"#ffffff","colors_accent_1":"#121212","gradient_accent_1":"","colors_accent_2":"#334fb4","gradient_accent_2":"","colors_text":"#121212","colors_outline_button_labels":"#121212","colors_background_1":"#ffffff","gradient_background_1":"","colors_background_2":"#f3f3f3","gradient_background_2":"","type_header_font":"assistant_n4","heading_scale":100,"type_body_font":"assistant_n4","body_scale":100,"page_width":1200,"spacing_sections":0,"spacing_grid_horizontal":8,"spacing_grid_vertical":8,"buttons_border_thickness":1,"buttons_border_opacity":100,"buttons_radius":0,"buttons_shadow_opacity":0,"buttons_shadow_horizontal_offset":0,"buttons_shadow_vertical_offset":4,"buttons_shadow_blur":5,"variant_pills_border_thickness":1,"variant_pills_border_opacity":55,"variant_pills_radius":40,"variant_pills_shadow_opacity":0,"variant_pills_shadow_horizontal_offset":0,"variant_pills_shadow_vertical_offset":4,"variant_pills_shadow_blur":5,"inputs_border_thickness":1,"inputs_border_opacity":55,"inputs_radius":0,"inputs_shadow_opacity":0,"inputs_shadow_horizontal_offset":0,"inputs_shadow_vertical_offset":4,"inputs_shadow_blur":5,"card_style":"standard","card_image_padding":0,"card_text_alignment":"left","card_color_scheme":"background-2","card_border_thickness":0,"card_border_opacity":10,"card_corner_radius":0,"card_shadow_opacity":0,"card_shadow_horizontal_offset":0,"card_shadow_vertical_offset":4,"card_shadow_blur":5,"text_boxes_border_thickness":0,"text_boxes_border_opacity":10,"text_boxes_radius":0,"text_boxes_shadow_opacity":0,"text_boxes_shadow_horizontal_offset":0,"text_boxes_shadow_vertical_offset":4,"text_boxes_shadow_blur":5,"media_border_thickness":1,"media_border_opacity":5,"media_radius":0,"media_shadow_opacity":0,"media_shadow_horizontal_offset":0,"media_shadow_vertical_offset":4,"media_shadow_blur":5,"popup_border_thickness":1,"popup_border_opacity":10,"popup_corner_radius":0,"popup_shadow_opacity":0,"popup_shadow_horizontal_offset":0,"popup_shadow_vertical_offset":4,"popup_shadow_blur":5,"drawer_border_thickness":1,"drawer_border_opacity":10,"drawer_shadow_opacity":0,"drawer_shadow_horizontal_offset":0,"drawer_shadow_vertical_offset":4,"drawer_shadow_blur":5,"badge_position":"bottom left","badge_corner_radius":40,"sale_badge_color_scheme":"accent-2","sold_out_badge_color_scheme":"inverse","accent_icons":"text","social_twitter_link":"","social_facebook_link":"","social_pinterest_link":"","social_instagram_link":"","social_tiktok_link":"","social_tumblr_link":"","social_snapchat_link":"","social_youtube_link":"","social_vimeo_link":"","predictive_search_enabled":true,"predictive_search_show_vendor":false,"predictive_search_show_price":false,"currency_code_enabled":true,"cart_type":"notification","show_vendor":false,"show_cart_note":false,"sections":{"announcement-bar":{"type":"announcement-bar","blocks":{"announcement-bar-0":{"type":"announcement","settings":{"color_scheme":"background-1","link":""}}},"block_order":["announcement-bar-0"],"settings":{}},"header":{"type":"header","settings":{"color_scheme":"background-1","logo":"{{ shop.brand.logo }}","logo_width":90,"logo_position":"middle-left","menu":"main-menu","show_line_separator":true,"enable_sticky_header":true,"margin_bottom":0,"padding_top":20,"padding_bottom":20}},"footer":{"type":"footer","blocks":{"footer-0":{"type":"link_list","settings":{"heading":"Quick links","menu":"footer"}},"footer-1":{"type":"link_list","settings":{"heading":"Info","menu":"footer"}},"footer-2":{"type":"text","settings":{"heading":"Our mission","subtext":"<p>Share contact information, store details, and brand content with your customers.<\/p>"}}},"block_order":["footer-0","footer-1","footer-2"],"settings":{"color_scheme":"background-1","prt_footer_bgcolor":"#000","prt_footer_color":"#000","newsletter_enable":true,"newsletter_heading":"Subscribe to our emails","show_social":true,"enable_country_selector":false,"enable_language_selector":false,"payment_enable":true,"padding_top":36,"padding_bottom":36,"margin_top":48}},"main-password-header":{"type":"main-password-header","settings":{"logo":"{{ shop.brand.logo }}","logo_max_width":100,"color_scheme":"background-1"}},"main-password-footer":{"type":"main-password-footer","settings":{"color_scheme":"background-1"}}}}}}