{"sections":{"main":{"type":"main-article","blocks":{"featured_image":{"type":"featured_image","settings":{"image_height":"medium"}},"title":{"type":"title","settings":{"blog_show_date":true,"blog_show_author":true}},"share":{"type":"share","disabled":true,"settings":{"share_label":"Share"}},"content":{"type":"content","settings":{}}},"block_order":["featured_image","title","share","content"],"settings":{"enable_sticky_info":true,"gallery_layout":"stacked","media_size":"small","mobile_thumbnails":"show","hide_variants":false,"enable_video_looping":false,"padding_top":72,"padding_bottom":0,"margin_top":0,"margin_bottom":0,"prt_section_css_class":"prt_blog_detail_style prt-padding-tablet-screen","prt_section_css_id":"prt_css_id"}}},"order":["main"]}