{"sections":{"main":{"type":"main-blog","disabled":true,"settings":{"layout":"grid","show_image":true,"image_height":"adapt","show_date":true,"blog_show_comment":false,"show_author":true,"padding_top":36,"padding_bottom":36,"padding_left":36,"padding_right":36,"prt_section_css_class":"prt_css_class","prt_section_css_id":"prt_css_id"}},"7638ea95-9ef4-45af-bafc-dfdd8b0017ac":{"type":"featured-blog","settings":{"heading":"Blog posts","heading_size":"h1","heading_style":"heading_style1","heading_align":"center","blog":"news","post_limit":9,"columns_desktop":3,"color_scheme":"background-1","show_image":true,"show_date":true,"blog_show_comment":false,"show_author":true,"show_view_all":true,"padding_top":60,"padding_bottom":68,"padding_left":0,"padding_right":0,"margin_top":0,"margin_bottom":0,"margin_left":0,"margin_right":0,"prt_section_css_class":"prt-padding-tablet-screen","prt_section_css_id":"prt_css_news_id"}}},"order":["main","7638ea95-9ef4-45af-bafc-dfdd8b0017ac"]}