{"sections":{"cart-items":{"type":"main-cart-items","settings":{"padding_top":8,"padding_bottom":36}},"cart-footer":{"type":"main-cart-footer","blocks":{"subtotal":{"type":"subtotal","settings":{}},"buttons":{"type":"buttons","settings":{}}},"block_order":["subtotal","buttons"],"settings":{}},"featured-collection":{"type":"featured-collection","settings":{"title":"Featured collection","heading_style":"heading_style1","heading_align":"left","heading_size":"h2","product_style":"grid_style","description":"","show_description":false,"description_style":"body","collection":"all","products_to_show":4,"columns_desktop":4,"full_width":true,"show_view_all":false,"view_all_style":"solid","enable_desktop_slider":false,"color_scheme":"background-1","image_ratio":"square","show_secondary_image":true,"show_vendor":false,"show_rating":false,"enable_quick_add":true,"enable_add_to_cart":true,"columns_mobile":"2","swipe_on_mobile":false,"padding_top":52,"padding_bottom":44,"padding_left":0,"padding_right":0,"margin_top":0,"margin_bottom":0,"margin_left":0,"margin_right":0,"prt_section_css_class":"prt_featured_collection prt-spacing-tablet-screen","prt_section_css_id":"prt_css_id"}}},"order":["cart-items","cart-footer","featured-collection"]}