{"sections":{"banner":{"type":"main-collection-banner","disabled":true,"settings":{"show_collection_description":true,"show_collection_image":false,"color_scheme":"background-2"}},"product-grid":{"type":"main-collection-product-grid","settings":{"products_per_page":20,"columns_desktop":4,"grid_column":4,"image_ratio":"adapt","show_secondary_image":true,"show_vendor":false,"show_rating":false,"enable_quick_add":true,"enable_add_to_cart":true,"enable_filtering":false,"filter_type":"horizontal","enable_sorting":false,"columns_mobile":"2","padding_top":56,"padding_bottom":0,"padding_left":0,"padding_right":0,"margin_top":0,"margin_bottom":68,"margin_left":0,"margin_right":0,"prt_section_css_class":"prt-padding-tablet-screen prt-responsive-screen-space","prt_section_css_id":"prt_css_id"}}},"order":["banner","product-grid"]}