{"sections":{"e33c47c4-cde4-4aff-9cdf-84de2a7c4a1f":{"type":"image-banner","disabled":true,"settings":{"image":"shopify:\/\/shop_images\/backgroung-dicount-img.jpg","image_overlay_opacity":0,"image_height":"medium","adapt_height_first_image":false,"desktop_content_position":"middle-center","show_text_box":true,"desktop_content_alignment":"center","color_scheme":"background-1","prt_section_css_class":"prt_css_class","prt_section_css_id":"prt_css_id","mobile_content_alignment":"center","stack_images_on_mobile":true,"show_text_below":true}},"product-grid":{"type":"main-collection-product-grid","settings":{"products_per_page":20,"columns_desktop":4,"grid_column":4,"image_ratio":"adapt","show_secondary_image":true,"show_vendor":false,"show_rating":false,"enable_quick_add":true,"enable_add_to_cart":true,"enable_filtering":true,"filter_type":"drawer","enable_sorting":true,"columns_mobile":"2","padding_top":52,"padding_bottom":0,"padding_left":0,"padding_right":0,"margin_top":0,"margin_bottom":68,"margin_left":0,"margin_right":0,"prt_section_css_class":"prt-padding-tablet-screen prt-responsive-screen-space","prt_section_css_id":"prt_without-sidebar-filter"}},"banner":{"type":"main-collection-banner","disabled":true,"settings":{"show_collection_description":true,"show_collection_image":true,"color_scheme":"accent-2"}}},"order":["e33c47c4-cde4-4aff-9cdf-84de2a7c4a1f","product-grid","banner"]}