{"sections":{"banner":{"type":"main-collection-banner","disabled":true,"settings":{"show_collection_description":false,"show_collection_image":false,"color_scheme":"background-2"}},"d9c4d976-e26e-4e2e-9451-217590e7bdce":{"type":"image-banner","blocks":{"template--16572902932711__d9c4d976-e26e-4e2e-9451-217590e7bdce-1669379843a9e44a95-0":{"type":"heading","disabled":true,"settings":{"heading":"Image banner","heading_size":"h1"}},"template--16572902932711__d9c4d976-e26e-4e2e-9451-217590e7bdce-1669379843a9e44a95-1":{"type":"text","disabled":true,"settings":{"text":"Give customers details about the banner image(s) or content on the template.","text_style":"body"}},"template--16572902932711__d9c4d976-e26e-4e2e-9451-217590e7bdce-1669379843a9e44a95-2":{"type":"buttons","disabled":true,"settings":{"button_label_1":"Button label","button_link_1":"","button_style_secondary_1":false,"button_label_2":"Button label","button_link_2":"","button_style_secondary_2":false}}},"block_order":["template--16572902932711__d9c4d976-e26e-4e2e-9451-217590e7bdce-1669379843a9e44a95-0","template--16572902932711__d9c4d976-e26e-4e2e-9451-217590e7bdce-1669379843a9e44a95-1","template--16572902932711__d9c4d976-e26e-4e2e-9451-217590e7bdce-1669379843a9e44a95-2"],"disabled":true,"settings":{"image":"shopify:\/\/shop_images\/banner2_95efecb3-9c0a-4552-8bfe-3a164e3fa7fd.jpg","image_overlay_opacity":0,"image_height":"small","adapt_height_first_image":false,"desktop_content_position":"middle-center","show_text_box":true,"desktop_content_alignment":"center","color_scheme":"background-1","prt_section_css_class":"prt_css_class","prt_section_css_id":"prt_css_id","mobile_content_alignment":"center","stack_images_on_mobile":true,"show_text_below":true}},"product-grid":{"type":"main-collection-product-grid","settings":{"products_per_page":20,"columns_desktop":3,"grid_column":3,"image_ratio":"adapt","show_secondary_image":true,"show_vendor":false,"show_rating":false,"enable_quick_add":true,"enable_add_to_cart":true,"enable_filtering":true,"filter_type":"vertical","enable_sorting":true,"columns_mobile":"2","padding_top":68,"padding_bottom":24,"padding_left":0,"padding_right":0,"margin_top":0,"margin_bottom":64,"margin_left":0,"margin_right":0,"prt_section_css_class":"prt-padding-tablet-screen prt-responsive-screen-space","prt_section_css_id":"prt_css_id"}}},"order":["banner","d9c4d976-e26e-4e2e-9451-217590e7bdce","product-grid"]}