{"sections":{"banner":{"type":"main-collection-banner","disabled":true,"settings":{"show_collection_description":true,"show_collection_image":true,"color_scheme":"background-2"}},"9a1f6e4d-deb7-4364-bc09-e91768e5b2bf":{"type":"image-with-text","blocks":{"template--16607708774634__9a1f6e4d-deb7-4364-bc09-e91768e5b2bf-166505631837a6c8c0-0":{"type":"heading","settings":{"heading":"Diwali Offer 70% Sale","heading_size":"h1"}},"template--16607708774634__9a1f6e4d-deb7-4364-bc09-e91768e5b2bf-166505631837a6c8c0-1":{"type":"text","settings":{"text":"<p>Pair text with an image to focus on your chosen product, collection, or blog post. Add details on availability, style, or even provide a review.Pair text with an image to focus on your chosen product,<\/p><p>Pair text with an image to focus on your chosen product, collection, or blog post. Add details on availability, style, or even provide a review.Pair text with an image to focus on your chosen product,<\/p>","text_style":"body"}}},"block_order":["template--16607708774634__9a1f6e4d-deb7-4364-bc09-e91768e5b2bf-166505631837a6c8c0-0","template--16607708774634__9a1f6e4d-deb7-4364-bc09-e91768e5b2bf-166505631837a6c8c0-1"],"disabled":true,"settings":{"height":"small","desktop_image_width":"small","layout":"image_first","desktop_content_position":"top","desktop_content_alignment":"left","content_layout":"no-overlap","color_scheme":"background-2","mobile_content_alignment":"left","padding_top":36,"padding_bottom":36,"prt_section_css_class":"prt_css_class","prt_section_css_id":"prt_css_id"}},"product-grid":{"type":"main-collection-product-grid","settings":{"products_per_page":20,"columns_desktop":4,"grid_column":4,"image_ratio":"adapt","show_secondary_image":true,"show_vendor":false,"show_rating":true,"enable_quick_add":false,"enable_add_to_cart":false,"enable_filtering":true,"filter_type":"horizontal","enable_sorting":true,"columns_mobile":"2","padding_top":60,"padding_bottom":60,"padding_left":0,"padding_right":0,"margin_top":0,"margin_bottom":0,"margin_left":0,"margin_right":0,"prt_section_css_class":"prt-padding-top-collection-screen","prt_section_css_id":"prt_css_id"}}},"order":["banner","9a1f6e4d-deb7-4364-bc09-e91768e5b2bf","product-grid"]}