{"sections":{"product-grid":{"type":"main-collection-product-grid","settings":{"products_per_page":20,"columns_desktop":4,"grid_column":3,"image_ratio":"adapt","show_secondary_image":true,"show_vendor":false,"show_rating":false,"enable_quick_add":true,"enable_add_to_cart":true,"enable_filtering":true,"filter_type":"vertical","enable_sorting":true,"columns_mobile":"1","padding_top":68,"padding_bottom":24,"padding_left":0,"padding_right":0,"margin_top":0,"margin_bottom":68,"margin_left":0,"margin_right":0,"prt_section_css_class":"prt-padding-tablet-screen prt-responsive-screen-space prt-collection-view","prt_section_css_id":"prt-collection-view"}},"banner":{"type":"main-collection-banner","disabled":true,"settings":{"show_collection_description":true,"show_collection_image":true,"color_scheme":"background-2"}}},"order":["product-grid","banner"]}