{"sections":{"1663761491b780ff03":{"type":"slideshow","blocks":{"1663761490793fc3c4-0":{"type":"slide","settings":{"image":"shopify:\/\/shop_images\/zubio-banner2.jpg","heading":"Simple & Modern","prt_heading_color":"#ffffff","prt_subheading_color":"#ffffff","prt_subheading_bgcolor":"#fca120","prt_des_color":"#ffffff","prt_other_des_color":"#ffffff","subheading":"Furniture","prt_des":"60%","prt_vrt_des":"UP TO","prt_other_des":"Off","prt_other_des2":"Everything","button_label":"ADD TO CART","prt_button_color":"#ffffff","prt_button_bg_hovercolor":"#fca120","prt_button_hovercolor":"#ffffff","prt_button_bgcolor":"#fca120","button_label2":"SHOP NOW","prt_button_color2":"#000000","prt_button_hovercolor2":"#000000","prt_button_bg_hovercolor2":"#ffffff","prt_button_bgcolor2":"#ffffff","link":"shopify:\/\/pages\/product-detail-list","link2":"shopify:\/\/collections\/all","button_style_secondary":true,"box_align":"middle-left","show_text_box":false,"prt_section_css_class":"prt-slide-show-banner","text_alignment":"left","image_overlay_opacity":0,"color_scheme":"accent-2","text_alignment_mobile":"center"}},"f0463ddb-b34b-4147-b129-269548c61bb6":{"type":"slide","settings":{"image":"shopify:\/\/shop_images\/zubio-banner.jpg","heading":"Drawing Room","prt_heading_color":"#ffffff","prt_subheading_color":"#ffffff","prt_subheading_bgcolor":"#fca120","prt_des_color":"#ffffff","prt_other_des_color":"#ffffff","subheading":"Inoterior","prt_des":"70%","prt_vrt_des":"UP TO","prt_other_des":"Off","prt_other_des2":"Everything","button_label":"ADD TO CART","prt_button_color":"#ffffff","prt_button_bg_hovercolor":"#fca120","prt_button_hovercolor":"#ffffff","prt_button_bgcolor":"#fca120","button_label2":"SHOP NOW","prt_button_color2":"#000000","prt_button_hovercolor2":"#ffffff","prt_button_bg_hovercolor2":"#fca120","prt_button_bgcolor2":"#ffffff","link":"shopify:\/\/collections\/no-sidebar","link2":"shopify:\/\/collections\/furniture","button_style_secondary":true,"box_align":"middle-left","show_text_box":false,"prt_section_css_class":"prt-slide-show-banner","text_alignment":"left","image_overlay_opacity":0,"color_scheme":"background-1","text_alignment_mobile":"center"}}},"block_order":["1663761490793fc3c4-0","f0463ddb-b34b-4147-b129-269548c61bb6"],"settings":{"layout":"full_bleed","slide_height":"medium","slider_visual":"numbers","auto_rotate":true,"change_slides_speed":3,"show_text_below":false,"accessibility_info":"Slideshow about our brand"}},"rich_text":{"type":"rich-text","blocks":{"heading":{"type":"heading","settings":{"heading":"<p>Explore Our Furniture <\/p>","heading_style":"heading_style1","heading_align":"center","heading_color":"#000000","heading_size":"h1"}}},"block_order":["heading"],"settings":{"desktop_content_position":"center","content_alignment":"center","color_scheme":"background-1","full_width":true,"padding_top":80,"padding_bottom":4,"padding_left":0,"padding_right":0,"margin_top":0,"margin_bottom":0,"margin_left":0,"margin_right":0,"prt_section_css_class":"prt-padding-tablet-screen","prt_section_css_id":"prt_css_richtext_id"}},"cbc6cc1b-19dd-4292-a385-bd9c29c6394d":{"type":"collection-list","blocks":{"613e6190-6e9b-4535-9973-bc8a741b7c63":{"type":"featured_collection","settings":{"collection":"chair","prt_section_width":30}},"template--16572791455975__cbc6cc1b-19dd-4292-a385-bd9c29c6394d-1665721947a48b5cb1-0":{"type":"featured_collection","settings":{"collection":"table","prt_section_width":30}},"template--16572791455975__cbc6cc1b-19dd-4292-a385-bd9c29c6394d-1665721947a48b5cb1-2":{"type":"featured_collection","settings":{"collection":"furniture-1","prt_section_width":30}},"template--16572791455975__cbc6cc1b-19dd-4292-a385-bd9c29c6394d-1665721947a48b5cb1-1":{"type":"featured_collection","settings":{"collection":"lamp","prt_section_width":30}},"5cbea26e-060b-4428-8114-f7658f004773":{"type":"featured_collection","settings":{"collection":"shoe-racks","prt_section_width":30}}},"block_order":["613e6190-6e9b-4535-9973-bc8a741b7c63","template--16572791455975__cbc6cc1b-19dd-4292-a385-bd9c29c6394d-1665721947a48b5cb1-0","template--16572791455975__cbc6cc1b-19dd-4292-a385-bd9c29c6394d-1665721947a48b5cb1-2","template--16572791455975__cbc6cc1b-19dd-4292-a385-bd9c29c6394d-1665721947a48b5cb1-1","5cbea26e-060b-4428-8114-f7658f004773"],"settings":{"title":"","heading_size":"h1","image_ratio":"square","columns_desktop":5,"color_scheme":"background-1","show_view_all":false,"columns_mobile":"1","swipe_on_mobile":false,"padding_top":28,"padding_bottom":0,"padding_left":0,"padding_right":0,"margin_top":0,"margin_bottom":0,"margin_left":0,"margin_right":0,"prt_section_css_class":"prt_list_collection_style2","prt_section_css_id":"prt_css_collection_style_id"}},"d15786c9-a384-4a09-9aac-dd7c85ff5f65":{"type":"collection-list","blocks":{"template--16572791455975__d15786c9-a384-4a09-9aac-dd7c85ff5f65-1670567492ce561a19-1":{"type":"featured_collection","settings":{"collection":"sofa-set","prt_section_width":30}},"template--16572791455975__d15786c9-a384-4a09-9aac-dd7c85ff5f65-1670567492ce561a19-0":{"type":"featured_collection","settings":{"collection":"table-1","prt_section_width":30}},"template--16572791455975__d15786c9-a384-4a09-9aac-dd7c85ff5f65-1670567492ce561a19-2":{"type":"featured_collection","settings":{"collection":"tv-unit","prt_section_width":30}},"1b902340-729b-4622-91bb-ed7341373981":{"type":"featured_collection","settings":{"collection":"wardrobes","prt_section_width":30}}},"block_order":["template--16572791455975__d15786c9-a384-4a09-9aac-dd7c85ff5f65-1670567492ce561a19-1","template--16572791455975__d15786c9-a384-4a09-9aac-dd7c85ff5f65-1670567492ce561a19-0","template--16572791455975__d15786c9-a384-4a09-9aac-dd7c85ff5f65-1670567492ce561a19-2","1b902340-729b-4622-91bb-ed7341373981"],"settings":{"title":"","heading_size":"h1","image_ratio":"square","columns_desktop":4,"color_scheme":"background-1","show_view_all":false,"columns_mobile":"1","swipe_on_mobile":false,"padding_top":28,"padding_bottom":68,"padding_left":100,"padding_right":100,"margin_top":36,"margin_bottom":36,"margin_left":100,"margin_right":100,"prt_section_css_class":"prt_list_collection_style2","prt_section_css_id":"prt_list_collection_style"}},"1663399805df9bf521":{"type":"collection-list","blocks":{"16633998059bda0581-0":{"type":"featured_collection","settings":{"collection":"latest-collection","prt_section_width":60}},"16633998059bda0581-1":{"type":"featured_collection","settings":{"collection":"big-billion-sale","prt_section_width":24}},"16633998059bda0581-2":{"type":"featured_collection","settings":{"collection":"winter-collection","prt_section_width":24}}},"block_order":["16633998059bda0581-0","16633998059bda0581-1","16633998059bda0581-2"],"settings":{"title":"","heading_size":"h1","image_ratio":"square","columns_desktop":3,"color_scheme":"background-1","show_view_all":false,"columns_mobile":"1","swipe_on_mobile":false,"padding_top":20,"padding_bottom":76,"padding_left":0,"padding_right":0,"margin_top":0,"margin_bottom":0,"margin_left":0,"margin_right":0,"prt_section_css_class":"prt_banner_collection_style","prt_section_css_id":"prt_css_id"}},"e715dc84-0cb8-49a7-b971-1c8c6c73acf8":{"type":"image-banner","blocks":{"5fe6f144-a2d2-464b-a699-b7c888ec7563":{"type":"subheadig_text","settings":{"subheadig_text":"25% OFF <span class=\"prt-skincolor\">store by Zubbio<\/span>","subheading_text_style":"subtitle"}},"ec0a405d-6f5f-4d55-ab51-16e6cad1d506":{"type":"heading","settings":{"heading":"Great Deals On <strong>Bathrooms<\/strong>","heading-date":"07-03-2023","heading_size":"h0"}},"template--16572791455975__e715dc84-0cb8-49a7-b971-1c8c6c73acf8-1674461537d1b52876-2":{"type":"buttons","settings":{"button_label_1":"Explore Collection","button_link_1":"shopify:\/\/products\/fabric-sofa","button_style_secondary_1":true,"button_label_2":"","button_link_2":"","button_style_secondary_2":false}}},"block_order":["5fe6f144-a2d2-464b-a699-b7c888ec7563","ec0a405d-6f5f-4d55-ab51-16e6cad1d506","template--16572791455975__e715dc84-0cb8-49a7-b971-1c8c6c73acf8-1674461537d1b52876-2"],"settings":{"image":"shopify:\/\/shop_images\/left-banner.jpg","collection":"","image_2":"shopify:\/\/shop_images\/right-banner.jpg","image_overlay_opacity":0,"image_height":"small","adapt_height_first_image":false,"desktop_content_position":"middle-center","show_text_box":true,"desktop_content_alignment":"center","color_scheme":"accent-1","prt_section_css_class":"prt_image_banner_section_style","prt_section_css_id":"prt_css_id","mobile_content_alignment":"center","stack_images_on_mobile":true,"show_text_below":true}},"166359040763749653":{"type":"rich-text","blocks":{"16635904075142ef1c-0":{"type":"heading","settings":{"heading":"<p>Latest Product<\/p>","heading_style":"heading_style1","heading_align":"left","heading_color":"#000000","heading_size":"h1"}}},"block_order":["16635904075142ef1c-0"],"settings":{"desktop_content_position":"center","content_alignment":"center","color_scheme":"background-1","full_width":true,"padding_top":80,"padding_bottom":0,"padding_left":0,"padding_right":0,"margin_top":0,"margin_bottom":0,"margin_left":0,"margin_right":0,"prt_section_css_class":"prt-section-responsive-section-table -view prt-padding-tablet-screen","prt_section_css_id":"prt_css_id_richtext"}},"16642727290e24b2df":{"type":"featured-collection","settings":{"title":"","heading_style":"heading_style2","heading_align":"center","heading_size":"h1","product_style":"grid_style","description":"","show_description":true,"description_style":"body","collection":"big-billion-sale","products_to_show":8,"columns_desktop":4,"full_width":true,"show_view_all":false,"view_all_style":"solid","enable_desktop_slider":false,"color_scheme":"background-1","image_ratio":"adapt","show_secondary_image":true,"show_vendor":false,"show_rating":false,"enable_quick_add":true,"enable_add_to_cart":true,"columns_mobile":"2","swipe_on_mobile":false,"padding_top":0,"padding_bottom":84,"padding_left":0,"padding_right":0,"margin_top":48,"margin_bottom":0,"margin_left":0,"margin_right":0,"prt_section_css_class":"prt-custome-features-collection-style prt-section-responsive-section-tablet-view","prt_section_css_id":"prt_css_featured_id"}},"1663401122301675aa":{"type":"custom-liquid","settings":{"custom_liquid":"<ul>\n<li>* 50% OFF on the entire line of PT products<\/li>&nbsp;\n<li>* Discount code: BLACKFRIDAY2022 <\/li>&nbsp;\n<li>* Black Friday SALE<\/li> \n<li>* 50% OFF on the entire line of PT products <\/li>\n<li>Mid-season Sale up to  70% Off. Shop Now ! <\/li>\n<li>* 50% OFF on the entire line of PT products <\/li>&nbsp;\n<li>* Discount code: BLACKFRIDAY2022 <\/li>&nbsp;\n <li>* Black Friday SALE<\/li>\n <li>* 50% OFF on the entire line of PT products <\/li>\n<li>Mid-season Sale up to 70% Off. Shop Now ! <\/li>\n<li>* 50% OFF on the entire line of PT products<\/li>&nbsp;\n<li>* Discount code: BLACKFRIDAY2022 <\/li>&nbsp;\n<li>* Black Friday SALE<\/li> \n<\/ul>","prt_enable_slider":true,"color_scheme":"accent-2","padding_top":24,"padding_bottom":24,"padding_left":20,"padding_right":0,"margin_top":0,"margin_bottom":0,"margin_left":0,"margin_right":0,"prt_section_css_class":"prt-custom-liquid-css-class","prt_section_css_id":"css-id"}},"video":{"type":"video","disabled":true,"settings":{"heading":"","heading_size":"h1","video_url":"https:\/\/www.youtube.com\/watch?v=_9VUPq3SxOc","description":"","full_width":false,"color_scheme":"background-1","padding_top":36,"padding_bottom":36}},"16634045453fcc8776":{"type":"image-banner","blocks":{"d43217de-4662-4320-9fa8-ce72becb96a0":{"type":"subheadig_text","settings":{"subheadig_text":"MEGA SALE <span class=\"prt-skincolor\">UPTO 75%<\/span>","subheading_text_style":"subtitle"}},"ef5d442d-925a-4ba6-9fa8-89c02b674fa9":{"type":"heading","settings":{"heading":"Fancy  <strong>Sofa <\/strong> set","heading-date":"07-03-2023","heading_size":"h0"}},"ae69dffa-28a4-4a2a-b62f-2c60a567d8e4":{"type":"text","settings":{"text":"Lorem ipsum dolor sit amet, consectetur adipiscing elit, sed do eiusmod tempor incididunt.","text_style":"body"}},"995fad80-c5ec-4f59-983f-82ad174edc8e":{"type":"buttons","settings":{"button_label_1":"SHOP NOW","button_link_1":"shopify:\/\/products\/arm-chair","button_style_secondary_1":true,"button_label_2":"","button_link_2":"","button_style_secondary_2":true}}},"block_order":["d43217de-4662-4320-9fa8-ce72becb96a0","ef5d442d-925a-4ba6-9fa8-89c02b674fa9","ae69dffa-28a4-4a2a-b62f-2c60a567d8e4","995fad80-c5ec-4f59-983f-82ad174edc8e"],"settings":{"image":"shopify:\/\/shop_images\/banner-center.jpg","collection":"","image_overlay_opacity":0,"image_height":"small","adapt_height_first_image":true,"desktop_content_position":"middle-left","show_text_box":true,"desktop_content_alignment":"left","color_scheme":"accent-1","prt_section_css_class":"prt_image_banner_section_style","prt_section_css_id":"prt_image_banner_section_style","mobile_content_alignment":"center","stack_images_on_mobile":true,"show_text_below":true}},"0b416beb-ea47-474f-915c-d8a830f32d00":{"type":"rich-text","blocks":{"template--16572791455975__0b416beb-ea47-474f-915c-d8a830f32d00-16692062347ece90ab-0":{"type":"heading","settings":{"heading":"<p>Hurry! Time is running out<\/p>","heading_style":"heading_style1","heading_align":"left","heading_color":"#000000","heading_size":"h1"}}},"block_order":["template--16572791455975__0b416beb-ea47-474f-915c-d8a830f32d00-16692062347ece90ab-0"],"settings":{"desktop_content_position":"center","content_alignment":"center","color_scheme":"background-1","full_width":true,"padding_top":80,"padding_bottom":0,"padding_left":0,"padding_right":0,"margin_top":0,"margin_bottom":0,"margin_left":0,"margin_right":0,"prt_section_css_class":"prt-section-responsive-section-table prt-padding-tablet-screen t-view  prt-padding-tablet-screen","prt_section_css_id":"prt_css_id"}},"featured_collection":{"type":"featured-collection","settings":{"title":"","heading_style":"heading_style1","heading_align":"center","heading_size":"h1","product_style":"grid_style","description":"","show_description":false,"description_style":"body","collection":"big-billion-sale","products_to_show":4,"columns_desktop":4,"full_width":true,"show_view_all":false,"view_all_style":"solid","enable_desktop_slider":false,"color_scheme":"background-1","image_ratio":"square","show_secondary_image":true,"show_vendor":false,"show_rating":false,"enable_quick_add":true,"enable_add_to_cart":true,"columns_mobile":"2","swipe_on_mobile":false,"padding_top":0,"padding_bottom":84,"padding_left":0,"padding_right":0,"margin_top":48,"margin_bottom":0,"margin_left":0,"margin_right":0,"prt_section_css_class":"prt-custome-features-collection-style prt-section-responsive-section-tablet-view","prt_section_css_id":"prt_css_class"}},"77b156ec-3b1b-4557-afda-331212c9e031":{"type":"multicolumn","blocks":{"template--16572791455975__77b156ec-3b1b-4557-afda-331212c9e031-16672764334939421c-0":{"type":"column","settings":{"image":"shopify:\/\/shop_images\/client1.png","title":"","text":"","link_label":"","link":"","prt_section_width":20,"prt_section_height":100}},"template--16572791455975__77b156ec-3b1b-4557-afda-331212c9e031-16672764334939421c-1":{"type":"column","settings":{"image":"shopify:\/\/shop_images\/client2.png","title":"","text":"","link_label":"","link":"","prt_section_width":20,"prt_section_height":100}},"template--16572791455975__77b156ec-3b1b-4557-afda-331212c9e031-16672764334939421c-2":{"type":"column","settings":{"image":"shopify:\/\/shop_images\/client7.png","title":"","text":"","link_label":"","link":"","prt_section_width":18,"prt_section_height":100}},"66c2ad4b-89b9-499f-82d4-603e31d1edb5":{"type":"column","settings":{"image":"shopify:\/\/shop_images\/client4.png","title":"","text":"","link_label":"","link":"","prt_section_width":18,"prt_section_height":100}},"95b25cc5-fa62-4ab1-a697-4c789784b19f":{"type":"column","settings":{"image":"shopify:\/\/shop_images\/client6.png","title":"","text":"","link_label":"","link":"","prt_section_width":18,"prt_section_height":100}},"614f5d46-6af3-4892-b897-8b056ba0cdb9":{"type":"column","settings":{"image":"shopify:\/\/shop_images\/client7_1.png","title":"","text":"","link_label":"","link":"","prt_section_width":18,"prt_section_height":100}},"f4fa61ad-3235-436e-9974-d9486277913b":{"type":"column","settings":{"image":"shopify:\/\/shop_images\/client1.png","title":"","text":"","link_label":"","link":"","prt_section_width":30,"prt_section_height":100}},"f3d8f8d4-7d2d-442f-9800-c80c25c03f8c":{"type":"column","settings":{"image":"shopify:\/\/shop_images\/client2.png","title":"","text":"","link_label":"","link":"","prt_section_width":30,"prt_section_height":100}}},"block_order":["template--16572791455975__77b156ec-3b1b-4557-afda-331212c9e031-16672764334939421c-0","template--16572791455975__77b156ec-3b1b-4557-afda-331212c9e031-16672764334939421c-1","template--16572791455975__77b156ec-3b1b-4557-afda-331212c9e031-16672764334939421c-2","66c2ad4b-89b9-499f-82d4-603e31d1edb5","95b25cc5-fa62-4ab1-a697-4c789784b19f","614f5d46-6af3-4892-b897-8b056ba0cdb9","f4fa61ad-3235-436e-9974-d9486277913b","f3d8f8d4-7d2d-442f-9800-c80c25c03f8c"],"settings":{"title":"","heading_size":"h1","image_width":"full","image_ratio":"adapt","columns_desktop":6,"prt_section_width":20,"column_alignment":"center","background_style":"none","button_label":"","button_link":"","color_scheme":"background-1","columns_mobile":"1","swipe_on_mobile":true,"padding_top":8,"padding_bottom":40,"padding_left":0,"padding_right":0,"margin_top":36,"margin_bottom":36,"margin_left":0,"margin_right":0,"prt_main_section_height":88,"prt_section_css_class":"prt_slider_on prt-section-responsive-section-tablet-view","prt_section_css_id":"prt_css_id"}},"16635626303d72cb19":{"type":"featured-blog","settings":{"heading":"Latest From Blogs","heading_size":"h1","heading_style":"heading_style1","heading_align":"center","blog":"news","post_limit":3,"columns_desktop":3,"color_scheme":"background-1","show_image":true,"prt_bg_image":"shopify:\/\/shop_images\/blog_bg.jpg","show_date":true,"blog_show_comment":false,"show_author":true,"show_view_all":false,"padding_top":76,"padding_bottom":84,"padding_left":36,"padding_right":36,"margin_top":0,"margin_bottom":0,"margin_left":0,"margin_right":0,"prt_section_css_class":"prt-section-responsive-section-tablet-view  prt-padding-tablet-screen","prt_section_css_id":"prt_css_id"}}},"order":["1663761491b780ff03","rich_text","cbc6cc1b-19dd-4292-a385-bd9c29c6394d","d15786c9-a384-4a09-9aac-dd7c85ff5f65","1663399805df9bf521","e715dc84-0cb8-49a7-b971-1c8c6c73acf8","166359040763749653","16642727290e24b2df","1663401122301675aa","video","16634045453fcc8776","0b416beb-ea47-474f-915c-d8a830f32d00","featured_collection","77b156ec-3b1b-4557-afda-331212c9e031","16635626303d72cb19"]}