{"sections":{"main":{"type":"main-page","disabled":true,"settings":{"padding_top":28,"padding_bottom":28}},"e350eb70-04be-4f9d-b751-8bc949f6d281":{"type":"image-with-text","blocks":{"template--21230051393828__e350eb70-04be-4f9d-b751-8bc949f6d281-heading-1":{"type":"heading","settings":{"heading":"Easy Way To Start Business Solutions.","heading_size":"h1"}},"template--21230051393828__e350eb70-04be-4f9d-b751-8bc949f6d281-text-1":{"type":"text","settings":{"text":"<p>A full project of interior design encompasses a multitude of products, objects and models of the most diverse shapes and materials. From iconic classic-inspired pieces to more modular contemporary solutions.<br\/><br\/>\n\n99.9% Customer satisfaction  based on 700+ Reviews and 14,530  Objective Resources.<\/p>","text_style":"body"}}},"block_order":["template--21230051393828__e350eb70-04be-4f9d-b751-8bc949f6d281-heading-1","template--21230051393828__e350eb70-04be-4f9d-b751-8bc949f6d281-text-1"],"settings":{"image":"shopify:\/\/shop_images\/bed-hall-img-1.jpg","height":"adapt","desktop_image_width":"small","layout":"image_first","desktop_content_position":"top","desktop_content_alignment":"left","content_layout":"no-overlap","color_scheme":"background-1","mobile_content_alignment":"left","padding_top":88,"padding_bottom":64,"prt_section_css_class":"prt-padding-tablet-screen prt-padding-bottom-tablet-screen","prt_section_css_id":"prt_css_id"}},"8e09d291-31cd-4e92-ae53-0ec375054640":{"type":"rich-text","blocks":{"template--21230051393828__8e09d291-31cd-4e92-ae53-0ec375054640-heading-1":{"type":"heading","settings":{"heading":"<p>Latest Collection<\/p>","heading_style":"heading_style1","heading_align":"center","heading_color":"#000","heading_size":"h1"}}},"block_order":["template--21230051393828__8e09d291-31cd-4e92-ae53-0ec375054640-heading-1"],"settings":{"desktop_content_position":"center","content_alignment":"center","color_scheme":"background-1","full_width":true,"padding_top":16,"padding_bottom":4,"padding_left":0,"padding_right":0,"margin_top":0,"margin_bottom":0,"margin_left":0,"margin_right":0,"prt_section_css_class":"prt_css_class","prt_section_css_id":"prt_css_id"}},"f09b321a-eebd-4be8-ad1d-2cfd0c57157c":{"type":"collection-list","blocks":{"template--21230051393828__f09b321a-eebd-4be8-ad1d-2cfd0c57157c-featured_collection-1":{"type":"featured_collection","settings":{"collection":"chair","prt_section_width":30}},"template--21230051393828__f09b321a-eebd-4be8-ad1d-2cfd0c57157c-featured_collection-2":{"type":"featured_collection","settings":{"collection":"table","prt_section_width":30}},"template--21230051393828__f09b321a-eebd-4be8-ad1d-2cfd0c57157c-featured_collection-3":{"type":"featured_collection","settings":{"collection":"sofa-set","prt_section_width":30}},"bd78bcf4-c103-4589-b12e-835a7afd00b7":{"type":"featured_collection","settings":{"collection":"furniture-1","prt_section_width":30}},"e441aae9-b5c5-4a0a-9a91-92c3b2399068":{"type":"featured_collection","settings":{"collection":"table","prt_section_width":30}}},"block_order":["template--21230051393828__f09b321a-eebd-4be8-ad1d-2cfd0c57157c-featured_collection-1","template--21230051393828__f09b321a-eebd-4be8-ad1d-2cfd0c57157c-featured_collection-2","template--21230051393828__f09b321a-eebd-4be8-ad1d-2cfd0c57157c-featured_collection-3","bd78bcf4-c103-4589-b12e-835a7afd00b7","e441aae9-b5c5-4a0a-9a91-92c3b2399068"],"settings":{"title":"","heading_size":"h1","image_ratio":"square","columns_desktop":5,"color_scheme":"background-1","show_view_all":false,"columns_mobile":"1","swipe_on_mobile":false,"padding_top":28,"padding_bottom":28,"padding_left":0,"padding_right":0,"margin_top":0,"margin_bottom":0,"margin_left":0,"margin_right":0,"prt_section_css_class":"prt_list_collection_style2","prt_section_css_id":"prt_css_id"}},"8d6c9862-3d03-431f-a9b4-06cdeb034fbe":{"type":"collection-list","blocks":{"template--21230051393828__8d6c9862-3d03-431f-a9b4-06cdeb034fbe-featured_collection-1":{"type":"featured_collection","settings":{"collection":"table-1","prt_section_width":30}},"template--21230051393828__8d6c9862-3d03-431f-a9b4-06cdeb034fbe-featured_collection-2":{"type":"featured_collection","settings":{"collection":"wardrobes","prt_section_width":30}},"template--21230051393828__8d6c9862-3d03-431f-a9b4-06cdeb034fbe-featured_collection-3":{"type":"featured_collection","settings":{"collection":"shoe-racks","prt_section_width":30}},"60424176-d442-41a3-a522-1589e9f89c5a":{"type":"featured_collection","settings":{"collection":"tv-unit","prt_section_width":30}}},"block_order":["template--21230051393828__8d6c9862-3d03-431f-a9b4-06cdeb034fbe-featured_collection-1","template--21230051393828__8d6c9862-3d03-431f-a9b4-06cdeb034fbe-featured_collection-2","template--21230051393828__8d6c9862-3d03-431f-a9b4-06cdeb034fbe-featured_collection-3","60424176-d442-41a3-a522-1589e9f89c5a"],"settings":{"title":"","heading_size":"h1","image_ratio":"square","columns_desktop":4,"color_scheme":"background-1","show_view_all":false,"columns_mobile":"1","swipe_on_mobile":false,"padding_top":0,"padding_bottom":80,"padding_left":152,"padding_right":152,"margin_top":0,"margin_bottom":0,"margin_left":0,"margin_right":0,"prt_section_css_class":"prt_list_collection_style2","prt_section_css_id":"prt_css_id"}},"f0944c02-021f-4ce7-85d3-c7b08e36da2e":{"type":"featured-blog","settings":{"heading":"Latest From Blogs","heading_size":"h1","heading_style":"heading_style1","heading_align":"left","blog":"news","post_limit":3,"columns_desktop":3,"color_scheme":"background-1","show_image":true,"show_date":true,"blog_show_comment":true,"show_author":false,"show_view_all":false,"padding_top":0,"padding_bottom":88,"padding_left":0,"padding_right":0,"margin_top":0,"margin_bottom":0,"margin_left":0,"margin_right":0,"prt_section_css_class":"prt_css_class","prt_section_css_id":"prt_css_id"}}},"order":["main","e350eb70-04be-4f9d-b751-8bc949f6d281","8e09d291-31cd-4e92-ae53-0ec375054640","f09b321a-eebd-4be8-ad1d-2cfd0c57157c","8d6c9862-3d03-431f-a9b4-06cdeb034fbe","f0944c02-021f-4ce7-85d3-c7b08e36da2e"]}