{"sections":{"166433904449fe1cde":{"type":"image-banner","disabled":true,"settings":{"image_overlay_opacity":0,"image_height":"small","adapt_height_first_image":false,"desktop_content_position":"middle-center","show_text_box":true,"desktop_content_alignment":"center","color_scheme":"background-1","mobile_content_alignment":"center","stack_images_on_mobile":true,"show_text_below":true}},"main":{"type":"main-page","disabled":true,"settings":{"padding_top":28,"padding_bottom":0}},"623bce65-41e7-4b64-89e5-6cad6928a2b8":{"type":"featured-collection","settings":{"title":"","heading_style":"heading_style2","heading_size":"h1","product_style":"grid_style","description":"","show_description":false,"description_style":"subtitle","collection":"new-collection","products_to_show":8,"columns_desktop":4,"full_width":true,"show_view_all":false,"view_all_style":"solid","enable_desktop_slider":false,"color_scheme":"background-1","image_ratio":"adapt","show_secondary_image":true,"show_vendor":false,"show_rating":true,"enable_quick_add":true,"columns_mobile":"2","swipe_on_mobile":false,"padding_top":12,"padding_bottom":0,"padding_left":0,"padding_right":0,"margin_top":0,"margin_bottom":0,"margin_left":0,"margin_right":8,"prt_section_css_class":"prt_css_class","prt_section_css_id":"prt_css_id"}},"64c129d0-ae52-4c33-9032-9f5aa9856b8d":{"type":"prt-product-detail-blog","settings":{"layout":"collage","show_image":true,"image_height":"medium","show_date":true,"show_author":true,"padding_top":36,"padding_bottom":36}}},"order":["166433904449fe1cde","main","623bce65-41e7-4b64-89e5-6cad6928a2b8","64c129d0-ae52-4c33-9032-9f5aa9856b8d"]}