{"sections":{"main":{"type":"main-page","disabled":true,"settings":{"padding_top":28,"padding_bottom":28}},"d2680bad-99e7-439e-8727-39b6994ba007":{"type":"featured-collection","settings":{"title":"","heading_style":"heading_style2","heading_align":"center","heading_size":"h1","product_style":"grid_style","description":"","show_description":false,"description_style":"body","collection":"winter-collection","products_to_show":8,"columns_desktop":3,"full_width":false,"show_view_all":true,"view_all_style":"outline","enable_desktop_slider":false,"color_scheme":"background-1","image_ratio":"adapt","show_secondary_image":true,"show_vendor":false,"show_rating":false,"enable_quick_add":false,"enable_add_to_cart":false,"columns_mobile":"2","swipe_on_mobile":false,"padding_top":40,"padding_bottom":32,"padding_left":0,"padding_right":0,"margin_top":0,"margin_bottom":40,"margin_left":0,"margin_right":0,"prt_section_css_class":"prt_css_class","prt_section_css_id":"prt_css_id"}}},"order":["main","d2680bad-99e7-439e-8727-39b6994ba007"]}