{"sections":{"main":{"type":"main-page","disabled":true,"settings":{"padding_top":28,"padding_bottom":28}},"c1640ff3-4797-4d62-a0ae-b84a8ad79b58":{"type":"rich-text","blocks":{"template--16669972824295__c1640ff3-4797-4d62-a0ae-b84a8ad79b58-167264302400d2c993-0":{"type":"heading","settings":{"heading":"<p>Recently Asked Questions<\/p>","heading_style":"heading_style1","heading_align":"center","heading_color":"#000000","heading_size":"h1"}},"template--16669972824295__c1640ff3-4797-4d62-a0ae-b84a8ad79b58-167264302400d2c993-1":{"type":"text","settings":{"text":"<p><\/p><p> <\/p><ul><li>Free and paid themes from the Shopify Theme Store to make Your store stand out and look great<\/li><li>Free and paid apps from the Shopify App Store to expand on the existing functionality of Your store<\/li><li>Shopify's own payment gateway to accept credit card payments<\/li><li>Growth opportunities with Shopify's various sales channels as well an enterprise plan for merchants who are selling in high volume and might be feeling the effects of accumulating transaction fees<\/li><li>A Shopify blog that has guides and articles about running Your store and connecting with Your customers<\/li><li>Experts all around the world that can help You set up, design, and market Your store<\/li><li>Free and paid themes from the Shopify Theme Store to make Your store stand out and look great<\/li><li>Free and paid apps from the Shopify App Store to expand on the existing functionality of Your store<\/li><li>Shopify's own payment gateway to accept credit card payments<\/li><li>Growth opportunities with Shopify's various sales channels as well an enterprise plan for merchants who are selling in high volume and might be feeling the effects of accumulating transaction fees<\/li><li>A Shopify blog that has guides and articles about running Your store and connecting with Your customers<\/li><li>Experts all around the world that can help You set up, design, and market Your store<\/li><\/ul>"}},"template--16669972824295__c1640ff3-4797-4d62-a0ae-b84a8ad79b58-167264302400d2c993-2":{"type":"button","settings":{"button_label":"","button_link":"","button_style_secondary":false,"button_label_2":"","button_link_2":"","button_style_secondary_2":false}}},"block_order":["template--16669972824295__c1640ff3-4797-4d62-a0ae-b84a8ad79b58-167264302400d2c993-0","template--16669972824295__c1640ff3-4797-4d62-a0ae-b84a8ad79b58-167264302400d2c993-1","template--16669972824295__c1640ff3-4797-4d62-a0ae-b84a8ad79b58-167264302400d2c993-2"],"settings":{"desktop_content_position":"center","content_alignment":"left","color_scheme":"background-1","full_width":true,"padding_top":40,"padding_bottom":52,"padding_left":36,"padding_right":36,"margin_top":36,"margin_bottom":36,"margin_left":36,"margin_right":36,"prt_section_css_class":"prt_css_class","prt_section_css_id":"prt_css_id"}},"6d778e1e-12fa-4e17-b407-ebb4689db3d3":{"type":"image-banner","blocks":{"template--16669972824295__6d778e1e-12fa-4e17-b407-ebb4689db3d3-16730691209a7a33ea-0":{"type":"heading","settings":{"heading":"Image banner","heading_size":"h1"}},"template--16669972824295__6d778e1e-12fa-4e17-b407-ebb4689db3d3-16730691209a7a33ea-1":{"type":"text","settings":{"text":"Give customers details about the banner image(s) or content on the template.","text_style":"body"}},"template--16669972824295__6d778e1e-12fa-4e17-b407-ebb4689db3d3-16730691209a7a33ea-2":{"type":"buttons","settings":{"button_label_1":"Button label","button_link_1":"","button_style_secondary_1":false,"button_label_2":"Button label","button_link_2":"","button_style_secondary_2":false}}},"block_order":["template--16669972824295__6d778e1e-12fa-4e17-b407-ebb4689db3d3-16730691209a7a33ea-0","template--16669972824295__6d778e1e-12fa-4e17-b407-ebb4689db3d3-16730691209a7a33ea-1","template--16669972824295__6d778e1e-12fa-4e17-b407-ebb4689db3d3-16730691209a7a33ea-2"],"settings":{"image":"shopify:\/\/shop_images\/menu_banner1.png","image_overlay_opacity":0,"image_height":"medium","adapt_height_first_image":false,"desktop_content_position":"middle-center","show_text_box":true,"desktop_content_alignment":"center","color_scheme":"background-1","prt_section_css_class":"prt_css_class","prt_section_css_id":"prt_css_id","mobile_content_alignment":"center","stack_images_on_mobile":true,"show_text_below":true}}},"order":["main","c1640ff3-4797-4d62-a0ae-b84a8ad79b58","6d778e1e-12fa-4e17-b407-ebb4689db3d3"]}