{"sections":{"166433904449fe1cde":{"type":"image-banner","disabled":true,"settings":{"image_overlay_opacity":0,"image_height":"small","adapt_height_first_image":true,"desktop_content_position":"middle-center","show_text_box":true,"desktop_content_alignment":"center","color_scheme":"background-1","prt_section_css_class":"prt_css_class","prt_section_css_id":"prt_css_id","mobile_content_alignment":"center","stack_images_on_mobile":true,"show_text_below":true}},"main":{"type":"main-page","disabled":true,"settings":{"padding_top":28,"padding_bottom":0}},"16643388619786b93c":{"type":"featured-collection","settings":{"title":"","heading_style":"heading_style1","heading_align":"center","heading_size":"h1","product_style":"list_style","description":"","show_description":true,"description_style":"body","collection":"big-billion-sale","products_to_show":12,"columns_desktop":2,"full_width":true,"show_view_all":true,"view_all_style":"solid","enable_desktop_slider":false,"color_scheme":"background-1","image_ratio":"adapt","show_secondary_image":true,"show_vendor":false,"show_rating":true,"enable_quick_add":true,"enable_add_to_cart":true,"columns_mobile":"1","swipe_on_mobile":true,"padding_top":40,"padding_bottom":0,"padding_left":0,"padding_right":0,"margin_top":0,"margin_bottom":68,"margin_left":0,"margin_right":0,"prt_section_css_class":"prt_product_list_css_class","prt_section_css_id":"prt_css_id"}}},"order":["166433904449fe1cde","main","16643388619786b93c"]}