{"sections":{"e781d916-3a98-418f-bea3-2227466ea9e8":{"type":"slideshow","blocks":{"template--16695176331495__e781d916-3a98-418f-bea3-2227466ea9e8-16754982882ca4812d-0":{"type":"slide","settings":{"image":"shopify:\/\/shop_images\/banner1_home2.png","heading":"Real solution to save a lot","prt_heading_color":"#ffffff","prt_subheading_color":"#ffffff","prt_subheading_bgcolor":"rgba(0,0,0,0)","prt_des_color":"#ffffff","prt_other_des_color":"#ffffff","subheading":"No Cost EMI","prt_des":"","prt_vrt_des":"","prt_other_des":"<p><\/p>","prt_other_des2":"<p style=font-size:32px;>Seized the sale&nbsp;<span style=\"background-color:orange;padding-left:10px;padding-right:10px;margin-left:5px;\">BLACK FRIDAY SALE<\/span><\/p><br>\n\n\n<div style=\"border:1px dashed #fff;border-radius: 5px;padding: 10px 5px 10px 20px;font-size:15px;\">Coupon code \"BLACK25\" &nbsp;<span style=\"\">\n\n\n<span style=\"font-size:14px;background-color:#FCA120;padding:3px 8px;border-radius: 5px;\"><i class=\"fa fa-files-o\" data-stylerecorder=\"true\" style=\"text-align: left; letter-spacing: 0px; font-weight: 400;\"><\/i>&nbsp;<span style=\"\">COPY<\/span><\/span>\n<\/div>","button_label":"SHOP NOW","prt_button_color":"#000000","prt_button_bg_hovercolor":"#fca120","prt_button_hovercolor":"#ffffff","prt_button_bgcolor":"#ffffff","button_label2":"","prt_button_color2":"rgba(0,0,0,0)","prt_button_hovercolor2":"rgba(0,0,0,0)","prt_button_bg_hovercolor2":"rgba(0,0,0,0)","prt_button_bgcolor2":"rgba(0,0,0,0)","link":"shopify:\/\/products\/fabric-chair","link2":"","button_style_secondary":false,"box_align":"middle-left","show_text_box":false,"prt_section_css_class":"prt-custome-slider-demo2","text_alignment":"left","image_overlay_opacity":0,"color_scheme":"background-1","text_alignment_mobile":"center"}},"template--16695176331495__e781d916-3a98-418f-bea3-2227466ea9e8-16754982882ca4812d-1":{"type":"slide","settings":{"image":"shopify:\/\/shop_images\/banner2_home2.png","heading":"Modern Inoterior Design","prt_heading_color":"#ffffff","prt_subheading_color":"#ffffff","prt_subheading_bgcolor":"rgba(0,0,0,0)","prt_des_color":"#ffffff","prt_other_des_color":"rgba(0,0,0,0)","subheading":"Drum Table","prt_des":"","prt_vrt_des":"","prt_other_des":"<p><\/p>","prt_other_des2":"<p style=font-size:32px;>Seized the sale&nbsp;<span style=\"background-color:orange;padding-left:10px;padding-right:10px;margin-left:5px;\">BLACK FRIDAY SALE<\/span><\/p><br>\n\n\n<div style=\"border:1px dashed #fff;border-radius: 5px;padding: 10px 5px 10px 20px;font-size:15px;\">Coupon code \"BLACK25\" &nbsp;<span style=\"\">\n\n\n<span style=\"font-size:14px;background-color:#FCA120;padding:3px 8px;border-radius: 5px;\"><i class=\"fa fa-files-o\" data-stylerecorder=\"true\" style=\"text-align: left; letter-spacing: 0px; font-weight: 400;\"><\/i>&nbsp;<span style=\"\">COPY<\/span><\/span>\n<\/div>","button_label":"Shop Now","prt_button_color":"#000000","prt_button_bg_hovercolor":"#fca120","prt_button_hovercolor":"#ffffff","prt_button_bgcolor":"#ffffff","button_label2":"","prt_button_color2":"#000000","prt_button_hovercolor2":"#000000","prt_button_bg_hovercolor2":"#000000","prt_button_bgcolor2":"#000000","link":"shopify:\/\/products\/fabric-chair","link2":"","button_style_secondary":false,"box_align":"middle-left","show_text_box":false,"prt_section_css_class":"prt-custome-slider-demo2","text_alignment":"left","image_overlay_opacity":0,"color_scheme":"background-1","text_alignment_mobile":"center"}}},"block_order":["template--16695176331495__e781d916-3a98-418f-bea3-2227466ea9e8-16754982882ca4812d-0","template--16695176331495__e781d916-3a98-418f-bea3-2227466ea9e8-16754982882ca4812d-1"],"settings":{"layout":"full_bleed","slide_height":"adapt_image","slider_visual":"counter","auto_rotate":true,"change_slides_speed":3,"show_text_below":false,"accessibility_info":"Slideshow about our brand"}},"20881e94-3937-40c2-aaf9-4335044dd3a1":{"type":"rich-text","blocks":{"template--16572791816423__20881e94-3937-40c2-aaf9-4335044dd3a1-16729241697b09f1b1-0":{"type":"heading","settings":{"heading":"<p>Premier collections @ your budget<\/p>","heading_style":"heading_style2","heading_align":"center","heading_color":"#000000","heading_size":"h1"}},"template--16572791816423__20881e94-3937-40c2-aaf9-4335044dd3a1-16729241697b09f1b1-1":{"type":"text","settings":{"text":"<p>Lorem ipsum dolor sit amet, consectetur adipisicing elit, sed do eiusmod tempor incididunt.<\/p>"}},"template--16572791816423__20881e94-3937-40c2-aaf9-4335044dd3a1-16729241697b09f1b1-2":{"type":"button","settings":{"button_label":"SHOP NOW","button_link":"shopify:\/\/products\/arm-chair","button_style_secondary":false,"button_label_2":"VIEW PRODUCT","button_link_2":"shopify:\/\/products\/minotti-table","button_style_secondary_2":false}}},"block_order":["template--16572791816423__20881e94-3937-40c2-aaf9-4335044dd3a1-16729241697b09f1b1-0","template--16572791816423__20881e94-3937-40c2-aaf9-4335044dd3a1-16729241697b09f1b1-1","template--16572791816423__20881e94-3937-40c2-aaf9-4335044dd3a1-16729241697b09f1b1-2"],"settings":{"desktop_content_position":"center","content_alignment":"center","color_scheme":"background-1","full_width":true,"padding_top":80,"padding_bottom":60,"padding_left":0,"padding_right":0,"margin_top":0,"margin_bottom":0,"margin_left":0,"margin_right":0,"prt_section_css_class":"prt-section-responsive-section-padding","prt_section_css_id":"prt_css_id"}},"main":{"type":"main-page","disabled":true,"settings":{"padding_top":28,"padding_bottom":28}},"d0a5403d-8c76-44e0-8268-fcb704b3610d":{"type":"featured-collection","settings":{"title":"","heading_style":"heading_style1","heading_align":"left","heading_size":"h1","product_style":"list_style","description":"<p>collection description...<\/p>","show_description":true,"description_style":"body","collection":"new-collection","products_to_show":2,"columns_desktop":2,"full_width":false,"show_view_all":false,"view_all_style":"solid","enable_desktop_slider":true,"color_scheme":"background-2","image_ratio":"adapt","show_secondary_image":true,"show_vendor":true,"show_rating":true,"enable_quick_add":true,"enable_add_to_cart":true,"columns_mobile":"2","swipe_on_mobile":false,"padding_top":0,"padding_bottom":0,"padding_left":0,"padding_right":0,"margin_top":0,"margin_bottom":0,"margin_left":44,"margin_right":44,"prt_section_css_class":"prt_custome_counterclass","prt_section_css_id":"prt_css_id"}},"2ce452a7-bf28-4e08-9677-1ac0ad28d179":{"type":"prt-featured-list-collection","custom_css":[],"settings":{"title":"Top Ratting","section_css_class":"prt-section-responsive-section-padding","heading_size":"h1","description":"","show_description":false,"description_style":"body","collection":"big-billion-sale","prt-collection-two":"latest-collection","prt_title":"Best selling","prt-collection-three":"diwali-collection","prt_other_title":"Deal of the week","products_to_show":8,"columns_desktop":4,"full_width":true,"show_view_all":false,"view_all_style":"solid","enable_desktop_slider":false,"color_accent":"#ffffff","color_scheme":"background-1","image_ratio":"adapt","show_secondary_image":true,"show_vendor":false,"show_rating":false,"enable_add_to_cart":true,"enable_quick_add":true,"columns_mobile":"2","swipe_on_mobile":false,"padding_top":68,"padding_bottom":76,"margin_top":36,"margin_bottom":36}},"b884d215-415a-42ca-a68b-cda70d5d410d":{"type":"custom-liquid","settings":{"custom_liquid":"<ul>\n<li>* 50% OFF on the entire line of PT products<\/li>&nbsp;\n<li>* Discount code: BLACKFRIDAY2022 <\/li>&nbsp;\n<li>* Black Friday SALE<\/li> \n<li>* 50% OFF on the entire line of PT products <\/li>\n<li>Mid-season Sale up to  70% Off. Shop Now ! <\/li>\n<li>* 50% OFF on the entire line of PT products <\/li>&nbsp;\n<li>* Discount code: BLACKFRIDAY2022 <\/li>&nbsp;\n <li>* Black Friday SALE<\/li>\n <li>* 50% OFF on the entire line of PT products <\/li>\n<li>Mid-season Sale up to 70% Off. Shop Now ! <\/li>\n<li>* 50% OFF on the entire line of PT products<\/li>&nbsp;\n<li>* Discount code: BLACKFRIDAY2022 <\/li>&nbsp;\n<li>* Black Friday SALE<\/li> \n<\/ul>","prt_enable_slider":true,"color_scheme":"accent-2","padding_top":16,"padding_bottom":28,"padding_left":0,"padding_right":0,"margin_top":0,"margin_bottom":0,"margin_left":0,"margin_right":0,"prt_section_css_class":"prt-custom-liquid-css-class","prt_section_css_id":"css-id"}},"b2d28754-9db7-450f-a9cc-5810ae7cc832":{"type":"image-banner","blocks":{"8c8bb4a9-3e27-49ce-9f6d-0bdba34bf94b":{"type":"subheadig_text","settings":{"subheadig_text":"MEGA SALE <span class=\"prt-skincolor\">UPTO 15%<\/span>","subheading_text_style":"subtitle"}},"template--16695176331495__b2d28754-9db7-450f-a9cc-5810ae7cc832-1675943966408c969d-0":{"type":"heading","settings":{"heading":"","heading-date":"07-03-2023","heading_size":"h0"}},"template--16695176331495__b2d28754-9db7-450f-a9cc-5810ae7cc832-1675943966408c969d-1":{"type":"text","settings":{"text":"<h1 style=\"line-height: var(--prt-font-heading-style-h3);\">Fancy Sofa <strong>Set<\/strong><\/h1><p>Lorem Ipsum has been the industry's standard dummy text ever Lorem Ipsum is<br>simply dummy text of printing and typesetting industry.<\/p>","text_style":"body"}},"template--16695176331495__b2d28754-9db7-450f-a9cc-5810ae7cc832-1675943966408c969d-2":{"type":"buttons","settings":{"button_label_1":"View Details","button_link_1":"shopify:\/\/products\/dining-table","button_style_secondary_1":false,"button_label_2":"","button_link_2":"","button_style_secondary_2":false}}},"block_order":["8c8bb4a9-3e27-49ce-9f6d-0bdba34bf94b","template--16695176331495__b2d28754-9db7-450f-a9cc-5810ae7cc832-1675943966408c969d-0","template--16695176331495__b2d28754-9db7-450f-a9cc-5810ae7cc832-1675943966408c969d-1","template--16695176331495__b2d28754-9db7-450f-a9cc-5810ae7cc832-1675943966408c969d-2"],"custom_css":["span {color: #fff;}"],"settings":{"image":"shopify:\/\/shop_images\/banner3_home2.png","collection":"","image_overlay_opacity":0,"image_height":"medium","adapt_height_first_image":true,"desktop_content_position":"middle-left","show_text_box":false,"desktop_content_alignment":"left","color_scheme":"inverse","prt_section_css_class":"prt_custome_banner_style2","prt_section_css_id":"prt_css_id","mobile_content_alignment":"center","stack_images_on_mobile":true,"show_text_below":true}},"2a2a9641-268c-4f21-a98a-1cfb9ddce9a4":{"type":"featured-collection","settings":{"title":"Hurry! Time is running out","heading_style":"heading_style1","heading_align":"center","heading_size":"h1","product_style":"grid_style","description":"","show_description":false,"description_style":"body","collection":"masonry-product","products_to_show":4,"columns_desktop":4,"full_width":false,"show_view_all":false,"view_all_style":"solid","enable_desktop_slider":false,"color_scheme":"background-1","image_ratio":"adapt","show_secondary_image":false,"show_vendor":false,"show_rating":false,"enable_quick_add":false,"enable_add_to_cart":false,"columns_mobile":"2","swipe_on_mobile":false,"padding_top":80,"padding_bottom":80,"padding_left":0,"padding_right":0,"margin_top":0,"margin_bottom":0,"margin_left":0,"margin_right":0,"prt_section_css_class":"prt-section-responsive-section-padding","prt_section_css_id":"prt_css_id"}},"6a7a3b6a-3dd9-4396-9ff5-4a5bcf32218c":{"type":"collage","blocks":{"template--16695176331495__6a7a3b6a-3dd9-4396-9ff5-4a5bcf32218c-1675926917993e9933-0":{"type":"video","settings":{"cover_image":"shopify:\/\/shop_images\/right-banner.jpg","video_url":"https:\/\/www.youtube.com\/watch?v=_9VUPq3SxOc","description":"Describe the video","image_padding":false}},"template--16695176331495__6a7a3b6a-3dd9-4396-9ff5-4a5bcf32218c-1675926917993e9933-1":{"type":"product","settings":{"product":"best-product","second_image":true}},"template--16695176331495__6a7a3b6a-3dd9-4396-9ff5-4a5bcf32218c-1675926917993e9933-2":{"type":"collection","settings":{"collection":"menu-collection-1"}}},"block_order":["template--16695176331495__6a7a3b6a-3dd9-4396-9ff5-4a5bcf32218c-1675926917993e9933-0","template--16695176331495__6a7a3b6a-3dd9-4396-9ff5-4a5bcf32218c-1675926917993e9933-1","template--16695176331495__6a7a3b6a-3dd9-4396-9ff5-4a5bcf32218c-1675926917993e9933-2"],"settings":{"heading":"","heading_size":"h1","desktop_layout":"left","mobile_layout":"column","color_scheme":"background-1","padding_top":0,"padding_bottom":0}},"53f91625-0555-4d29-ab7e-615b2c8918dc":{"type":"featured-blog","settings":{"heading":"Featured Post","heading_size":"h1","heading_style":"heading_style1","heading_align":"center","blog":"news","post_limit":3,"columns_desktop":3,"color_scheme":"background-1","show_image":true,"show_date":true,"blog_show_comment":false,"show_author":true,"show_view_all":false,"padding_top":76,"padding_bottom":84,"padding_left":0,"padding_right":0,"margin_top":0,"margin_bottom":0,"margin_left":0,"margin_right":0,"prt_section_css_class":"prt-section-responsive-section-padding","prt_section_css_id":"prt_css_id"}},"5af567e6-dddf-41e3-a51a-e19a0938b19c":{"type":"judgeme_carousel_section","settings":{"maxwidth":1080}},"4dda4004-ac85-4c46-93e2-78748e22aee5":{"type":"image-with-text","blocks":{"template--16695176331495__4dda4004-ac85-4c46-93e2-78748e22aee5-16765219271ad11cdc-0":{"type":"heading","settings":{"heading":"Latest Dining","heading_size":"h1"}},"template--16695176331495__4dda4004-ac85-4c46-93e2-78748e22aee5-16765219271ad11cdc-1":{"type":"text","settings":{"text":"<p>Pair text with an image to focus on your chosen product, collection, or blog post. Add details on availability, style, or even provide a review.<\/p>","text_style":"body"}},"template--16695176331495__4dda4004-ac85-4c46-93e2-78748e22aee5-16765219271ad11cdc-2":{"type":"button","settings":{"button_label":"Shop Now","button_link":"shopify:\/\/collections\/chair"}}},"block_order":["template--16695176331495__4dda4004-ac85-4c46-93e2-78748e22aee5-16765219271ad11cdc-0","template--16695176331495__4dda4004-ac85-4c46-93e2-78748e22aee5-16765219271ad11cdc-1","template--16695176331495__4dda4004-ac85-4c46-93e2-78748e22aee5-16765219271ad11cdc-2"],"disabled":true,"settings":{"height":"small","desktop_image_width":"small","layout":"image_first","desktop_content_position":"middle","desktop_content_alignment":"left","content_layout":"no-overlap","color_scheme":"background-2","mobile_content_alignment":"left","padding_top":0,"padding_bottom":0,"prt_section_css_class":"prt_css_class","prt_section_css_id":"prt_css_id"}}},"order":["e781d916-3a98-418f-bea3-2227466ea9e8","20881e94-3937-40c2-aaf9-4335044dd3a1","main","d0a5403d-8c76-44e0-8268-fcb704b3610d","2ce452a7-bf28-4e08-9677-1ac0ad28d179","b884d215-415a-42ca-a68b-cda70d5d410d","b2d28754-9db7-450f-a9cc-5810ae7cc832","2a2a9641-268c-4f21-a98a-1cfb9ddce9a4","6a7a3b6a-3dd9-4396-9ff5-4a5bcf32218c","53f91625-0555-4d29-ab7e-615b2c8918dc","5af567e6-dddf-41e3-a51a-e19a0938b19c","4dda4004-ac85-4c46-93e2-78748e22aee5"]}