{"sections":{"main":{"type":"main-page","settings":{"padding_top":28,"padding_bottom":28}},"858f8e06-46d4-4527-9db1-1b4f6a56bff8":{"type":"featured-collection","settings":{"title":"Featured collection","heading_style":"heading_style2","heading_size":"h1","product_style":"grid_style","description":"","show_description":false,"description_style":"body","collection":"winter-collection","products_to_show":4,"columns_desktop":4,"full_width":false,"show_view_all":true,"view_all_style":"solid","enable_desktop_slider":false,"color_scheme":"background-1","image_ratio":"adapt","show_secondary_image":false,"show_vendor":false,"show_rating":false,"enable_quick_add":false,"columns_mobile":"2","swipe_on_mobile":false,"padding_top":36,"padding_bottom":36,"margin_top":36,"margin_bottom":36}}},"order":["main","858f8e06-46d4-4527-9db1-1b4f6a56bff8"]}