{"sections":{"main":{"type":"main-page","disabled":true,"settings":{"padding_top":28,"padding_bottom":28}},"38d83dec-f85f-4675-be73-08a8fb746da2":{"type":"image-banner","disabled":true,"settings":{"image":"shopify:\/\/shop_images\/backgroung-dicount-img_71fe5777-674c-42bd-9079-a42adabc10b3.jpg","image_overlay_opacity":0,"image_height":"small","adapt_height_first_image":false,"desktop_content_position":"middle-center","show_text_box":true,"desktop_content_alignment":"center","color_scheme":"background-1","mobile_content_alignment":"center","stack_images_on_mobile":true,"show_text_below":true}},"deec4984-03e6-445d-b3f8-22922d47624f":{"type":"featured-collection","settings":{"title":"","heading_style":"heading_style2","heading_size":"h1","product_style":"list_style","description":"","show_description":false,"description_style":"body","collection":"winter-collection","products_to_show":10,"columns_desktop":1,"full_width":false,"show_view_all":false,"view_all_style":"solid","enable_desktop_slider":false,"color_scheme":"background-1","image_ratio":"adapt","show_secondary_image":true,"show_vendor":true,"show_rating":true,"enable_quick_add":true,"columns_mobile":"2","swipe_on_mobile":true,"padding_top":0,"padding_bottom":0,"padding_left":0,"padding_right":0,"margin_top":0,"margin_bottom":88,"margin_left":0,"margin_right":0,"prt_section_css_class":"prt_css_class","prt_section_css_id":"prt_css_id"}}},"order":["main","38d83dec-f85f-4675-be73-08a8fb746da2","deec4984-03e6-445d-b3f8-22922d47624f"]}