{"sections":{"main":{"type":"main-page","disabled":true,"settings":{"padding_top":28,"padding_bottom":28}},"04d9b5db-6204-4a81-a521-484804e730a6":{"type":"slideshow","blocks":{"template--16813292060903__04d9b5db-6204-4a81-a521-484804e730a6-slide-1":{"type":"slide","settings":{"image":"shopify:\/\/shop_images\/home3-banner3.jpg","heading":"","prt_heading_color":"#000000","prt_subheading_color":"#000000","prt_subheading_bgcolor":"rgba(0,0,0,0)","prt_des_color":"#000000","prt_other_des_color":"#000000","subheading":"Home Modern Furniture","prt_des":"<p>Lorem ipsum dolor sit amet, consectetur adipisicing elit sed do eiusmod<br> tempor incididunt ut labore et dolore.<\/p>","prt_vrt_des":"","prt_other_des":"<strike style=\"color:#444444bf;font-weight:400;\">$300.00<\/strike> $270.60","prt_other_des2":"","button_label":"SHOP NOW","prt_button_color":"#ffffff","prt_button_bg_hovercolor":"#000000","prt_button_hovercolor":"#ffffff","prt_button_bgcolor":"#fca120","button_label2":"Limited stock available now","prt_button_color2":"#000000","prt_button_hovercolor2":"#000000","prt_button_bg_hovercolor2":"rgba(0,0,0,0)","prt_button_bgcolor2":"rgba(0,0,0,0)","link":"#","link2":"#","button_style_secondary":true,"box_align":"middle-left","show_text_box":false,"prt_section_css_class":"prt_home3_first_slider","text_alignment":"left","image_overlay_opacity":0,"color_scheme":"background-1","text_alignment_mobile":"center"}},"template--16813292060903__04d9b5db-6204-4a81-a521-484804e730a6-slide-2":{"type":"slide","settings":{"image":"shopify:\/\/shop_images\/home3-bannerimg2.jpg","heading":"","prt_heading_color":"#000000","prt_subheading_color":"#000000","prt_subheading_bgcolor":"rgba(0,0,0,0)","prt_des_color":"#000000","prt_other_des_color":"#000000","subheading":"Latest Home Furniture","prt_des":"<p>Lorem ipsum dolor sit amet, consectetur adipisicing elit sed do eiusmod<br> tempor incididunt ut labore et dolore.<\/p>","prt_vrt_des":"","prt_other_des":"<strike style=\"color:#444444bf;font-weight:400;\">$500.00<\/strike> $320.50","prt_other_des2":"","button_label":"SHOP NOW","prt_button_color":"#ffffff","prt_button_bg_hovercolor":"#000000","prt_button_hovercolor":"#ffffff","prt_button_bgcolor":"#fca120","button_label2":"Limited stock available now","prt_button_color2":"#000000","prt_button_hovercolor2":"#000000","prt_button_bg_hovercolor2":"rgba(0,0,0,0)","prt_button_bgcolor2":"rgba(0,0,0,0)","link":"shopify:\/\/collections\/latest-collection","link2":"shopify:\/\/collections\/big-billion-sale","button_style_secondary":true,"box_align":"middle-right","show_text_box":false,"prt_section_css_class":"prt_home3_first_slider prt_home3_second_slider","text_alignment":"right","image_overlay_opacity":0,"color_scheme":"background-1","text_alignment_mobile":"center"}}},"block_order":["template--16813292060903__04d9b5db-6204-4a81-a521-484804e730a6-slide-1","template--16813292060903__04d9b5db-6204-4a81-a521-484804e730a6-slide-2"],"custom_css":[],"settings":{"layout":"full_bleed","slide_height":"adapt_image","slider_visual":"counter","auto_rotate":true,"change_slides_speed":3,"show_text_below":false,"accessibility_info":"Slideshow about our brand"}},"20881e94-3937-40c2-aaf9-4335044dd3a1":{"type":"rich-text","blocks":{"template--16572791816423__20881e94-3937-40c2-aaf9-4335044dd3a1-16729241697b09f1b1-0":{"type":"heading","settings":{"heading":"<p>Our Collection<\/p>","heading_style":"heading_style1","heading_align":"center","heading_color":"#000000","heading_size":"h1"}}},"block_order":["template--16572791816423__20881e94-3937-40c2-aaf9-4335044dd3a1-16729241697b09f1b1-0"],"settings":{"desktop_content_position":"center","content_alignment":"center","color_scheme":"background-1","full_width":true,"padding_top":88,"padding_bottom":4,"padding_left":0,"padding_right":0,"margin_top":0,"margin_bottom":0,"margin_left":0,"margin_right":0,"prt_section_css_class":"prt_css_class","prt_section_css_id":"prt_css_id"}},"bb69a0ca-9c3e-4145-b2e4-139dd86a18a4":{"type":"collection-list","blocks":{"template--16813292060903__bb69a0ca-9c3e-4145-b2e4-139dd86a18a4-featured_collection-1":{"type":"featured_collection","settings":{"collection":"living-room","prt_section_width":30}},"template--16813292060903__bb69a0ca-9c3e-4145-b2e4-139dd86a18a4-featured_collection-2":{"type":"featured_collection","settings":{"collection":"home-decor","prt_section_width":30}},"template--16813292060903__bb69a0ca-9c3e-4145-b2e4-139dd86a18a4-featured_collection-3":{"type":"featured_collection","settings":{"collection":"home-office","prt_section_width":30}},"b2245f12-4458-407f-b48c-4b942feeae8c":{"type":"featured_collection","settings":{"collection":"drawing-room","prt_section_width":30}}},"block_order":["template--16813292060903__bb69a0ca-9c3e-4145-b2e4-139dd86a18a4-featured_collection-1","template--16813292060903__bb69a0ca-9c3e-4145-b2e4-139dd86a18a4-featured_collection-2","template--16813292060903__bb69a0ca-9c3e-4145-b2e4-139dd86a18a4-featured_collection-3","b2245f12-4458-407f-b48c-4b942feeae8c"],"settings":{"title":"","heading_size":"h1","image_ratio":"square","columns_desktop":4,"color_scheme":"background-1","show_view_all":false,"columns_mobile":"1","swipe_on_mobile":false,"padding_top":44,"padding_bottom":36,"padding_left":0,"padding_right":0,"margin_top":0,"margin_bottom":0,"margin_left":0,"margin_right":0,"prt_section_css_class":"prt_collection_overlay_title_style","prt_section_css_id":"prt_css_id"}},"329661c7-ccd3-4697-964b-daa253bcfab2":{"type":"rich-text","blocks":{"template--16813292060903__329661c7-ccd3-4697-964b-daa253bcfab2-heading-1":{"type":"heading","settings":{"heading":"<p>Trending products<\/p>","heading_style":"heading_style1","heading_align":"center","heading_color":"#000000","heading_size":"h1"}}},"block_order":["template--16813292060903__329661c7-ccd3-4697-964b-daa253bcfab2-heading-1"],"settings":{"desktop_content_position":"center","content_alignment":"center","color_scheme":"background-1","full_width":true,"padding_top":68,"padding_bottom":20,"padding_left":0,"padding_right":0,"margin_top":0,"margin_bottom":0,"margin_left":0,"margin_right":0,"prt_section_css_class":"prt_css_class","prt_section_css_id":"prt_css_id"}},"718067f7-dc61-4b23-b8aa-c50447950f9b":{"type":"featured-collection","settings":{"title":"","heading_style":"heading_style1","heading_align":"center","heading_size":"h1","product_style":"grid_style","description":"","show_description":false,"description_style":"body","collection":"living-room","products_to_show":8,"columns_desktop":4,"full_width":false,"show_view_all":false,"view_all_style":"solid","enable_desktop_slider":false,"color_scheme":"background-1","image_ratio":"adapt","show_secondary_image":true,"show_vendor":false,"show_rating":false,"enable_quick_add":true,"enable_add_to_cart":true,"columns_mobile":"2","swipe_on_mobile":false,"padding_top":20,"padding_bottom":96,"padding_left":0,"padding_right":0,"margin_top":0,"margin_bottom":0,"margin_left":0,"margin_right":0,"prt_section_css_class":"prt-custome-features-collection-style","prt_section_css_id":"prt_css_id"}},"44916401-575e-4971-8d7e-ec4c0ec9b159":{"type":"image-banner","blocks":{"bac471b3-b9a5-40af-95a0-840a6ffa302d":{"type":"subheadig_text","settings":{"subheadig_text":"<p style=\"font-weight:600\">MEGA SALE <span style=\"background-color:#000;color:#fff;margin-left:5px;padding:5px;\">UPTO 75%<\/span><\/p>","subheading_text_style":"caption-with-letter-spacing"}},"template--16813292060903__44916401-575e-4971-8d7e-ec4c0ec9b159-heading-1":{"type":"heading","settings":{"heading":"<p style=\"font-size:52px;margin-top: 0px;padding-top: 10px;\">Modern <strong>chairs<\/strong><\/p>","heading-date":"","heading_size":"h0"}},"template--16813292060903__44916401-575e-4971-8d7e-ec4c0ec9b159-text-1":{"type":"text","settings":{"text":"<p style=\"margin-top:-12px;\">Lorem ipsum dolor sit amet, consectetur adipiscing elit, sed do eiusmod tempor incididunt.<\/p>","text_style":"body"}},"template--16813292060903__44916401-575e-4971-8d7e-ec4c0ec9b159-buttons-1":{"type":"buttons","settings":{"button_label_1":"SHOP NOW","button_link_1":"https:\/\/zubbio-preyantechnosys.myshopify.com\/products\/trending-product4","button_style_secondary_1":false,"button_label_2":"","button_link_2":"#","button_style_secondary_2":true}}},"block_order":["bac471b3-b9a5-40af-95a0-840a6ffa302d","template--16813292060903__44916401-575e-4971-8d7e-ec4c0ec9b159-heading-1","template--16813292060903__44916401-575e-4971-8d7e-ec4c0ec9b159-text-1","template--16813292060903__44916401-575e-4971-8d7e-ec4c0ec9b159-buttons-1"],"settings":{"image":"shopify:\/\/shop_images\/img01.jpg","collection":"home-decor","image_2":"shopify:\/\/shop_images\/img-02.jpg","image_overlay_opacity":0,"image_height":"small","adapt_height_first_image":false,"desktop_content_position":"middle-left","show_text_box":false,"desktop_content_alignment":"right","color_scheme":"background-1","prt_section_css_class":"prt_banner-counter-style","prt_section_css_id":"prt_css_id","mobile_content_alignment":"center","stack_images_on_mobile":true,"show_text_below":false}},"89c82a39-2869-4d5e-9be5-cdc7219b86e0":{"type":"rich-text","blocks":{"template--16813292060903__89c82a39-2869-4d5e-9be5-cdc7219b86e0-heading-1":{"type":"heading","settings":{"heading":"<p>New Furniture<\/p>","heading_style":"heading_style1","heading_align":"center","heading_color":"#000000","heading_size":"h1"}}},"block_order":["template--16813292060903__89c82a39-2869-4d5e-9be5-cdc7219b86e0-heading-1"],"settings":{"desktop_content_position":"center","content_alignment":"center","color_scheme":"background-1","full_width":true,"padding_top":88,"padding_bottom":8,"padding_left":0,"padding_right":0,"margin_top":0,"margin_bottom":0,"margin_left":0,"margin_right":0,"prt_section_css_class":"prt_css_class","prt_section_css_id":"prt_css_id"}},"95bda670-957d-41e1-808f-c0b997aa1d18":{"type":"prt-featured-list-collection","blocks":{"template--16813292060903__95bda670-957d-41e1-808f-c0b997aa1d18-text_block-1":{"type":"text_block","settings":{"title":"Tab Name","collection":""}}},"block_order":["template--16813292060903__95bda670-957d-41e1-808f-c0b997aa1d18-text_block-1"],"settings":{"title":"Wood furniture","section_css_class":"prt-home3-tablist","heading_size":"h1","description":"","show_description":false,"description_style":"body","collection":"home-office","prt-collection-two":"big-billion-sale","prt_title":"Modern furniture","prt-collection-three":"home-office","prt_other_title":"Interior collections","products_to_show":8,"columns_desktop":4,"full_width":false,"show_view_all":false,"view_all_style":"solid","enable_desktop_slider":false,"color_accent":"#ffffff","color_scheme":"background-1","image_ratio":"adapt","show_secondary_image":true,"show_vendor":false,"show_rating":false,"enable_add_to_cart":true,"enable_quick_add":true,"columns_mobile":"2","swipe_on_mobile":false,"padding_top":8,"padding_bottom":80,"margin_top":0,"margin_bottom":0}},"195ca536-7596-4b1e-bf3a-b833afe083ed":{"type":"image-banner","blocks":{"template--16813292060903__195ca536-7596-4b1e-bf3a-b833afe083ed-heading-1":{"type":"heading","settings":{"heading":"<span class=\"prt-bg-custome-color\" style=\"font-size:15px;padding:15px;\">USE PROMOCODE \"FW2005\"<\/span><br><p style=\"margin-top:-5px;font-size:32px;\"><span class=\"prt-bg-custome-color\" style=\"padding-left:15px;padding-right:15px;padding-top:5px;padding-bottom:5px;\">20% Off <strong>Luxury<\/strong> furniture set<\/span><\/p>","heading-date":"07-03-2023","heading_size":"h1"}},"template--16813292060903__195ca536-7596-4b1e-bf3a-b833afe083ed-text-1":{"type":"text","settings":{"text":"<p>Lorem ipsum dolor sit amet, consectetur adipiscing elit, sed do eiusmod tempor incididunt.<\/p>","text_style":"body"}},"template--16813292060903__195ca536-7596-4b1e-bf3a-b833afe083ed-buttons-1":{"type":"buttons","settings":{"button_label_1":"SHOP NOW","button_link_1":"https:\/\/zubbio-preyantechnosys.myshopify.com\/products\/trending-product2","button_style_secondary_1":false,"button_label_2":"","button_link_2":"","button_style_secondary_2":false}}},"block_order":["template--16813292060903__195ca536-7596-4b1e-bf3a-b833afe083ed-heading-1","template--16813292060903__195ca536-7596-4b1e-bf3a-b833afe083ed-text-1","template--16813292060903__195ca536-7596-4b1e-bf3a-b833afe083ed-buttons-1"],"settings":{"image":"shopify:\/\/shop_images\/banner-img-page.jpg","collection":"","image_overlay_opacity":0,"image_height":"medium","adapt_height_first_image":false,"desktop_content_position":"middle-right","show_text_box":false,"desktop_content_alignment":"right","color_scheme":"inverse","prt_section_css_class":"prt_home2_banner_style prt_home3_banner_style","prt_section_css_id":"prt_css_id","mobile_content_alignment":"center","stack_images_on_mobile":true,"show_text_below":false}},"202db5c4-bc88-4d9a-ac6a-d7369c032e6d":{"type":"custom-liquid","settings":{"custom_liquid":"<ul>\n<li>* 50% OFF on the entire line of PT products<\/li>&nbsp;\n<li>* Discount code: BLACKFRIDAY2022 <\/li>&nbsp;\n<li>* Black Friday SALE<\/li> \n<li>* 50% OFF on the entire line of PT products <\/li>\n<li>Mid-season Sale up to  70% Off. Shop Now ! <\/li>\n<li>* 50% OFF on the entire line of PT products <\/li>&nbsp;\n<li>* Discount code: BLACKFRIDAY2022 <\/li>&nbsp;\n <li>* Black Friday SALE<\/li>\n <li>* 50% OFF on the entire line of PT products <\/li>\n<li>Mid-season Sale up to 70% Off. Shop Now ! <\/li>\n<li>* 50% OFF on the entire line of PT products<\/li>&nbsp;\n<li>* Discount code: BLACKFRIDAY2022 <\/li>&nbsp;\n<li>* Black Friday SALE<\/li> \n<\/ul>","prt_enable_slider":true,"color_scheme":"accent-2","padding_top":40,"padding_bottom":0,"padding_left":0,"padding_right":0,"margin_top":0,"margin_bottom":0,"margin_left":0,"margin_right":0,"prt_section_css_class":"prt-custom-liquid-css-class","prt_section_css_id":"prt_css_id"}},"d11e36c9-2d53-433e-970d-f80a65717a92":{"type":"rich-text","blocks":{"template--16813292060903__d11e36c9-2d53-433e-970d-f80a65717a92-heading-1":{"type":"heading","settings":{"heading":"<p>Best seller items<\/p>","heading_style":"heading_style1","heading_align":"center","heading_color":"#000000","heading_size":"h1"}}},"block_order":["template--16813292060903__d11e36c9-2d53-433e-970d-f80a65717a92-heading-1"],"settings":{"desktop_content_position":"center","content_alignment":"center","color_scheme":"background-1","full_width":true,"padding_top":88,"padding_bottom":40,"padding_left":0,"padding_right":0,"margin_top":0,"margin_bottom":0,"margin_left":0,"margin_right":0,"prt_section_css_class":"prt_css_class","prt_section_css_id":"prt_css_id"}},"2724855f-2ca6-4b0d-bb5c-ca79e02b71e7":{"type":"featured-collection","settings":{"title":"","heading_style":"heading_style1","heading_align":"center","heading_size":"h1","product_style":"grid_style","description":"","show_description":false,"description_style":"body","collection":"drawing-room","products_to_show":4,"columns_desktop":4,"full_width":false,"show_view_all":false,"view_all_style":"solid","enable_desktop_slider":false,"color_scheme":"background-1","image_ratio":"adapt","show_secondary_image":true,"show_vendor":false,"show_rating":false,"enable_quick_add":true,"enable_add_to_cart":true,"columns_mobile":"2","swipe_on_mobile":false,"padding_top":0,"padding_bottom":92,"padding_left":0,"padding_right":0,"margin_top":0,"margin_bottom":0,"margin_left":0,"margin_right":0,"prt_section_css_class":"prt-custome-features-collection-style","prt_section_css_id":"prt_css_id"}},"a5589313-e502-49da-855b-7ff49293c6d5":{"type":"multicolumn","blocks":{"template--16813292060903__a5589313-e502-49da-855b-7ff49293c6d5-column-1":{"type":"column","settings":{"image":"shopify:\/\/shop_images\/client1.png","title":"","text":"","link_label":"","link":"","prt_section_width":20,"prt_section_height":100}},"template--16813292060903__a5589313-e502-49da-855b-7ff49293c6d5-column-2":{"type":"column","settings":{"image":"shopify:\/\/shop_images\/client7.png","title":"","text":"","link_label":"","link":"","prt_section_width":20,"prt_section_height":100}},"template--16813292060903__a5589313-e502-49da-855b-7ff49293c6d5-column-3":{"type":"column","settings":{"image":"shopify:\/\/shop_images\/client6.png","title":"","text":"","link_label":"","link":"","prt_section_width":20,"prt_section_height":100}},"7fb5ce40-9683-4391-bc5c-dc9601d43437":{"type":"column","settings":{"image":"shopify:\/\/shop_images\/client2.png","title":"","text":"","link_label":"","link":"","prt_section_width":20,"prt_section_height":100}},"4e14902b-f448-4013-9e5a-18cdbaf7137d":{"type":"column","settings":{"image":"shopify:\/\/shop_images\/client4.png","title":"","text":"","link_label":"","link":"","prt_section_width":20,"prt_section_height":100}},"7876ee21-ae66-4c8e-9e91-bfec0ddac02e":{"type":"column","settings":{"image":"shopify:\/\/shop_images\/client1.png","title":"","text":"","link_label":"","link":"","prt_section_width":20,"prt_section_height":100}}},"block_order":["template--16813292060903__a5589313-e502-49da-855b-7ff49293c6d5-column-1","template--16813292060903__a5589313-e502-49da-855b-7ff49293c6d5-column-2","template--16813292060903__a5589313-e502-49da-855b-7ff49293c6d5-column-3","7fb5ce40-9683-4391-bc5c-dc9601d43437","4e14902b-f448-4013-9e5a-18cdbaf7137d","7876ee21-ae66-4c8e-9e91-bfec0ddac02e"],"settings":{"title":"","heading_size":"h1","image_width":"full","image_ratio":"adapt","columns_desktop":6,"prt_section_width":20,"column_alignment":"left","background_style":"none","button_label":"","button_link":"","color_scheme":"background-1","columns_mobile":"1","swipe_on_mobile":true,"padding_top":28,"padding_bottom":32,"padding_left":0,"padding_right":0,"margin_top":0,"margin_bottom":0,"margin_left":0,"margin_right":0,"prt_main_section_height":100,"prt_section_css_class":"prt_slider_on prt-section-responsive-section-tablet-view","prt_section_css_id":"prt_css_id"}}},"order":["main","04d9b5db-6204-4a81-a521-484804e730a6","20881e94-3937-40c2-aaf9-4335044dd3a1","bb69a0ca-9c3e-4145-b2e4-139dd86a18a4","329661c7-ccd3-4697-964b-daa253bcfab2","718067f7-dc61-4b23-b8aa-c50447950f9b","44916401-575e-4971-8d7e-ec4c0ec9b159","89c82a39-2869-4d5e-9be5-cdc7219b86e0","95bda670-957d-41e1-808f-c0b997aa1d18","195ca536-7596-4b1e-bf3a-b833afe083ed","202db5c4-bc88-4d9a-ac6a-d7369c032e6d","d11e36c9-2d53-433e-970d-f80a65717a92","2724855f-2ca6-4b0d-bb5c-ca79e02b71e7","a5589313-e502-49da-855b-7ff49293c6d5"]}