{"sections":{"main":{"type":"main-page","disabled":true,"settings":{"padding_top":36,"padding_bottom":0}},"004a0248-63db-43df-b0c2-9f1c8f30d1cc":{"type":"image-with-text","blocks":{"template--16572791652583__004a0248-63db-43df-b0c2-9f1c8f30d1cc-167291736331b4b71b-1":{"type":"text","settings":{"text":"<iframe src=\"https:\/\/www.google.com\/maps\/embed?pb=!1m19!1m8!1m3!1d7461.659396193254!2d73.0585473!3d20.7576956!3m2!1i1024!2i768!4f13.1!4m8!3e6!4m0!4m5!1s0x3be0ece16135ebc9%3A0x1c9f0d24d456fd06!2sPrayosha%20Complex%20Q355%2B3CF%20Chikhli%2C%20Gujarat%20396521!3m2!1d20.757695599999998!2d73.0585473!5e0!3m2!1sen!2sin!4v1672900278694!5m2!1sen!2sin\" width=\"900\" height=\"450\" style=\"border:0;\" allowfullscreen=\"\" loading=\"lazy\" referrerpolicy=\"no-referrer-when-downgrade\"><\/iframe>","text_style":"body"}}},"block_order":["template--16572791652583__004a0248-63db-43df-b0c2-9f1c8f30d1cc-167291736331b4b71b-1"],"settings":{"image":"shopify:\/\/shop_images\/cntimg.jpg","height":"adapt","desktop_image_width":"small","layout":"image_first","desktop_content_position":"middle","desktop_content_alignment":"center","content_layout":"no-overlap","color_scheme":"background-2","mobile_content_alignment":"right","padding_top":88,"padding_bottom":88,"prt_section_css_class":"prt_css_class","prt_section_css_id":"prt_css_id"}},"form":{"type":"contact-form","settings":{"heading":"Drop Your Message","heading_size":"h1","color_scheme":"background-2","padding_top":76,"padding_bottom":88}}},"order":["main","004a0248-63db-43df-b0c2-9f1c8f30d1cc","form"]}