{"sections":{"166383906988ac3a58":{"type":"image-banner","disabled":true,"settings":{"image_overlay_opacity":0,"image_height":"medium","adapt_height_first_image":true,"desktop_content_position":"middle-center","show_text_box":true,"desktop_content_alignment":"center","color_scheme":"background-1","prt_section_css_class":"prt_css_class","prt_section_css_id":"prt_css_id","mobile_content_alignment":"center","stack_images_on_mobile":true,"show_text_below":true}},"main":{"type":"main-product","blocks":{"vendor":{"type":"text","settings":{"text":"","text_style":"uppercase"}},"title":{"type":"title","settings":{}},"caption":{"type":"text","settings":{"text":"{{ product.metafields.descriptors.subtitle.value }}","text_style":"subtitle"}},"price":{"type":"price","settings":{}},"variant_picker":{"type":"variant_picker","settings":{"picker_type":"button"}},"quantity_selector":{"type":"quantity_selector","settings":{}},"buy_buttons":{"type":"buy_buttons","settings":{"show_dynamic_checkout":true}},"description":{"type":"description","settings":{}},"add61410-4f01-4cac-be81-efb4d5b47593":{"type":"collapsible_tab","settings":{"heading":"Shipping Details","icon":"check_mark","content":"<p><strong>Returns Policy<\/strong><\/p><p>You may return most new, unopened items within 30 days of delivery for a full refund. We'll also pay the return shipping costs if the return is a result of our error (you received an incorrect or defective item, etc.).<\/p><p><strong>Shipping<\/strong><\/p><p>We can ship to virtually any address in the world. Note that there are restrictions on some products, and some products cannot be shipped to international destinations.<\/p><p>When you place an order, we will estimate shipping and delivery dates for you based on the availability of your items and the shipping options you choose. Depending on the shipping provider you choose, shipping date estimates may appear on the shipping quotes page.<\/p><p>Please also note that the shipping rates for many items we sell are weight-based. The weight of any such item can be found on its detail page. To reflect the policies of the shipping companies we use, all weights will be rounded up to the next full pound.<\/p>","page":""}},"9c4ec96d-730a-460b-898d-31a9a16d2d4f":{"type":"rating","settings":{}},"7e3fe946-da13-42e5-987b-5aeebb4471f7":{"type":"share","settings":{"share_label":"Share"}}},"block_order":["vendor","title","caption","price","variant_picker","quantity_selector","buy_buttons","description","add61410-4f01-4cac-be81-efb4d5b47593","9c4ec96d-730a-460b-898d-31a9a16d2d4f","7e3fe946-da13-42e5-987b-5aeebb4471f7"],"settings":{"enable_sticky_info":false,"gallery_layout":"thumbnail","media_size":"small","mobile_thumbnails":"show","hide_variants":false,"enable_video_looping":false,"padding_top":36,"padding_bottom":12,"prt_section_css_class":"prt_css_class","prt_section_css_id":"prt_css_id"}},"image-with-text":{"type":"image-with-text","blocks":{"image-with-text-0":{"type":"heading","settings":{"heading":"Product Details","heading_size":"h2"}},"image-with-text-1":{"type":"text","settings":{"text":"<p>Pair text with an image to focus on your chosen product, collection, or blog post. Add details on availability, style, or even provide a review.<\/p>","text_style":"body"}}},"block_order":["image-with-text-0","image-with-text-1"],"disabled":true,"settings":{"image":"shopify:\/\/shop_images\/banner-11.jpg","height":"small","desktop_image_width":"medium","layout":"text_first","desktop_content_position":"top","desktop_content_alignment":"left","content_layout":"overlap","color_scheme":"background-2","mobile_content_alignment":"left","padding_top":36,"padding_bottom":0,"prt_section_css_class":"prt_css_class","prt_section_css_id":"prt_css_id"}},"multicolumn":{"type":"multicolumn","blocks":{"column-0":{"type":"column","settings":{"title":"Description","text":"<p>Pair text with an image to focus on your chosen product, collection, or blog post. Add details on availability, style, or even provide a review.<\/p>","link_label":"","link":"","prt_section_width":30,"prt_section_height":30}},"column-1":{"type":"column","settings":{"title":"Shipping Information","text":"<p>Pair text with an image to focus on your chosen product, collection, or blog post. Add details on availability, style, or even provide a review.<\/p>","link_label":"","link":"","prt_section_width":30,"prt_section_height":30}},"4029c872-6e1f-49a6-a0d7-0f97aa7c893b":{"type":"column","settings":{"title":"Review","text":"<p>Pair text with an image to focus on your chosen product, collection, or blog post. Add details on availability, style, or even provide a review.<\/p>","link_label":"","link":"","prt_section_width":30,"prt_section_height":30}}},"block_order":["column-0","column-1","4029c872-6e1f-49a6-a0d7-0f97aa7c893b"],"disabled":true,"settings":{"title":"","heading_size":"h1","image_width":"full","image_ratio":"adapt","columns_desktop":3,"prt_section_width":30,"column_alignment":"left","background_style":"none","button_label":"","button_link":"","color_scheme":"background-1","columns_mobile":"1","swipe_on_mobile":false,"padding_top":36,"padding_bottom":36,"padding_left":36,"padding_right":36,"margin_top":36,"margin_bottom":36,"margin_left":36,"margin_right":36,"prt_main_section_height":20,"prt_section_css_class":"prt_css_class","prt_section_css_id":"prt_css_id"}},"product-recommendations":{"type":"product-recommendations","settings":{"heading":"Similar Product","heading_size":"h2","heading_style":"heading_style1","heading_align":"center","products_to_show":4,"columns_desktop":4,"color_scheme":"background-1","image_ratio":"square","show_secondary_image":true,"show_vendor":false,"show_rating":false,"columns_mobile":"2","padding_top":36,"padding_bottom":28,"prt_section_css_class":"prt_css_class","prt_section_css_id":"prt_css_id"}},"5f86488c-bdf0-4d47-8fd5-49bea8c71bc1":{"type":"collapsible-content","blocks":{"template--16572792439015__5f86488c-bdf0-4d47-8fd5-49bea8c71bc1-1665469027ff42715d-0":{"type":"collapsible_row","settings":{"heading":"Description","icon":"check_mark","row_content":"<p>It is a long established fact that a reader will be distracted by the readable content of a page when looking at its layout. The point of using Lorem Ipsum is that it has a more-or-less normal distribution of letters, as opposed to using 'Content here, content here', making it look like readable English. Many desktop publishing packages and web page editors now <\/p>","page":""}},"template--16572792439015__5f86488c-bdf0-4d47-8fd5-49bea8c71bc1-1665469027ff42715d-2":{"type":"collapsible_row","settings":{"heading":"Client Review","icon":"check_mark","row_content":"<p>It is a long established fact that a reader will be distracted by the readable content of a page when looking at it<\/p>","page":"collection2"}}},"block_order":["template--16572792439015__5f86488c-bdf0-4d47-8fd5-49bea8c71bc1-1665469027ff42715d-0","template--16572792439015__5f86488c-bdf0-4d47-8fd5-49bea8c71bc1-1665469027ff42715d-2"],"settings":{"caption":"","heading":"","heading_size":"h1","heading_alignment":"left","layout":"row","color_scheme":"background-1","container_color_scheme":"background-2","open_first_collapsible_row":true,"image":"shopify:\/\/shop_images\/img.jpg","image_ratio":"small","desktop_layout":"image_first","padding_top":36,"padding_bottom":36}}},"order":["166383906988ac3a58","main","image-with-text","multicolumn","product-recommendations","5f86488c-bdf0-4d47-8fd5-49bea8c71bc1"]}