{"sections":{"main":{"type":"main-product","blocks":{"vendor":{"type":"text","settings":{"text":"","text_style":"uppercase"}},"title":{"type":"title","settings":{}},"caption":{"type":"text","settings":{"text":"{{ product.metafields.descriptors.subtitle.value }}","text_style":"subtitle"}},"price":{"type":"price","settings":{}},"description":{"type":"description","settings":{}},"variant_picker":{"type":"variant_picker","settings":{"picker_type":"button"}},"quantity_selector":{"type":"quantity_selector","settings":{}},"buy_buttons":{"type":"buy_buttons","settings":{"show_dynamic_checkout":true}},"add61410-4f01-4cac-be81-efb4d5b47593":{"type":"collapsible_tab","settings":{"heading":"Shipping Details","icon":"check_mark","content":"<p><strong>Returns Policy<\/strong><\/p><p>You may return most new, unopened items within 30 days of delivery for a full refund. We'll also pay the return shipping costs if the return is a result of our error (you received an incorrect or defective item, etc.).<\/p><p><strong>Shipping<\/strong><\/p><p>We can ship to virtually any address in the world. Note that there are restrictions on some products, and some products cannot be shipped to international destinations.<\/p><p>When you place an order, we will estimate shipping and delivery dates for you based on the availability of your items and the shipping options you choose. Depending on the shipping provider you choose, shipping date estimates may appear on the shipping quotes page.<\/p><p>Please also note that the shipping rates for many items we sell are weight-based. The weight of any such item can be found on its detail page. To reflect the policies of the shipping companies we use, all weights will be rounded up to the next full pound.<\/p>","page":""}},"9c4ec96d-730a-460b-898d-31a9a16d2d4f":{"type":"rating","settings":{}},"e4a09db7-335e-4db4-b20a-1d90dfa4c3c3":{"type":"share","settings":{"share_label":"Share"}}},"block_order":["vendor","title","caption","price","description","variant_picker","quantity_selector","buy_buttons","add61410-4f01-4cac-be81-efb4d5b47593","9c4ec96d-730a-460b-898d-31a9a16d2d4f","e4a09db7-335e-4db4-b20a-1d90dfa4c3c3"],"settings":{"enable_sticky_info":true,"gallery_layout":"thumbnail_slider","media_size":"small","mobile_thumbnails":"show","hide_variants":false,"enable_video_looping":false,"padding_top":92,"padding_bottom":4,"prt_section_css_class":"prt-padding-tablet-screen","prt_section_css_id":"prt_css_id"}},"2ed771e6-67b4-42d2-b762-5bab65ca5ecc":{"type":"rich-text","blocks":{"template--16572792504551__2ed771e6-67b4-42d2-b762-5bab65ca5ecc-16741337324d1bfd57-0":{"type":"heading","settings":{"heading":"<p>Similar Products<\/p>","heading_style":"heading_style1","heading_align":"left","heading_color":"#000000","heading_size":"h1"}}},"block_order":["template--16572792504551__2ed771e6-67b4-42d2-b762-5bab65ca5ecc-16741337324d1bfd57-0"],"settings":{"desktop_content_position":"center","content_alignment":"center","color_scheme":"background-1","full_width":true,"padding_top":72,"padding_bottom":16,"padding_left":0,"padding_right":0,"margin_top":0,"margin_bottom":0,"margin_left":0,"margin_right":0,"prt_section_css_class":"prt_css_class","prt_section_css_id":"prt_css_id"}},"product-recommendations":{"type":"product-recommendations","settings":{"heading":"","heading_size":"h2","heading_style":"heading_style1","heading_align":"center","products_to_show":4,"columns_desktop":4,"color_scheme":"background-1","image_ratio":"square","show_secondary_image":true,"show_vendor":false,"show_rating":false,"columns_mobile":"2","padding_top":0,"padding_bottom":84,"prt_section_css_class":"prt-padding-top-collection-screen","prt_section_css_id":"prt_css_id"}}},"order":["main","2ed771e6-67b4-42d2-b762-5bab65ca5ecc","product-recommendations"]}