{"sections":{"main":{"type":"main-product","blocks":{"vendor":{"type":"text","settings":{"text":"","text_style":"uppercase"}},"title":{"type":"title","settings":{}},"caption":{"type":"text","settings":{"text":"{{ product.metafields.descriptors.subtitle.value }}","text_style":"subtitle"}},"price":{"type":"price","settings":{}},"description":{"type":"description","settings":{}},"variant_picker":{"type":"variant_picker","settings":{"picker_type":"button"}},"quantity_selector":{"type":"quantity_selector","settings":{}},"buy_buttons":{"type":"buy_buttons","settings":{"show_dynamic_checkout":true}},"add61410-4f01-4cac-be81-efb4d5b47593":{"type":"collapsible_tab","settings":{"heading":"Shipping Details","icon":"check_mark","content":"<p><strong>Returns Policy<\/strong><\/p><p>You may return most new, unopened items within 30 days of delivery for a full refund. We'll also pay the return shipping costs if the return is a result of our error (you received an incorrect or defective item, etc.).<\/p>","page":""}},"7e3fe946-da13-42e5-987b-5aeebb4471f7":{"type":"share","settings":{"share_label":"Share"}}},"block_order":["vendor","title","caption","price","description","variant_picker","quantity_selector","buy_buttons","add61410-4f01-4cac-be81-efb4d5b47593","7e3fe946-da13-42e5-987b-5aeebb4471f7"],"settings":{"enable_sticky_info":true,"gallery_layout":"thumbnail_slider","media_size":"small","mobile_thumbnails":"show","hide_variants":false,"enable_video_looping":true,"padding_top":92,"padding_bottom":72,"prt_section_css_class":"prt-padding-top-collection-screen","prt_section_css_id":"prt_css_id"}},"1674192060d3c36fa7":{"type":"apps","settings":{"include_margins":true}},"473dd549-f885-42b9-b98c-4fae00271d5f":{"type":"rich-text","blocks":{"template--16572792439015__473dd549-f885-42b9-b98c-4fae00271d5f-16734220008406366c-0":{"type":"heading","settings":{"heading":"<p>Similar Product<\/p>","heading_style":"heading_style1","heading_align":"left","heading_color":"#000000","heading_size":"h1"}}},"block_order":["template--16572792439015__473dd549-f885-42b9-b98c-4fae00271d5f-16734220008406366c-0"],"disabled":true,"settings":{"desktop_content_position":"center","content_alignment":"center","color_scheme":"background-1","full_width":true,"padding_top":44,"padding_bottom":16,"padding_left":0,"padding_right":0,"margin_top":0,"margin_bottom":0,"margin_left":0,"margin_right":0,"prt_section_css_class":"prt_css_class","prt_section_css_id":"prt_css_id"}},"product-recommendations":{"type":"product-recommendations","settings":{"heading":"Similar Product","heading_size":"h1","heading_style":"heading_style1","heading_align":"left","products_to_show":4,"columns_desktop":4,"color_scheme":"background-1","image_ratio":"square","show_secondary_image":false,"show_vendor":false,"show_rating":false,"columns_mobile":"2","padding_top":40,"padding_bottom":84,"prt_section_css_class":"prt-padding-top-collection-screen","prt_section_css_id":"prt_css_id"}}},"order":["main","1674192060d3c36fa7","473dd549-f885-42b9-b98c-4fae00271d5f","product-recommendations"]}