{"sections":{"main":{"type":"main-product","blocks":{"price":{"type":"price","settings":{}},"quantity_selector":{"type":"quantity_selector","settings":{}},"buy_buttons":{"type":"buy_buttons","settings":{}},"description":{"type":"description","settings":{}},"variant_picker":{"type":"variant_picker","settings":{}},"inventory_status":{"type":"inventory_status","settings":{}},"share":{"type":"share","settings":{}},"sales_point":{"type":"sales_point","settings":{}},"tab":{"type":"tab","settings":{}},"text":{"type":"text","settings":{}},"separator":{"type":"separator","settings":{}},"contact":{"type":"contact","settings":{}},"loox-rating":{"type":"shopify:\/\/apps\/loox-product-reviews-photos\/blocks\/loox-rating\/5c3b337f-fd14-4df5-b1d6-80ec13e6e28e","settings":{}}},"block_order":["price","loox-rating","separator","variant_picker","sales_point","inventory_status","buy_buttons","description","tab","contact","share"],"settings":{}},"sub":{"type":"product-full-width","disabled":true,"settings":{}},"product-recommendations":{"type":"product-recommendations","settings":{}},"recently-viewed":{"type":"recently-viewed","settings":{}},"collection-return":{"type":"collection-return","settings":{}},"background-image-text":{"type":"background-image-text","settings":{"title":"About your brand","parallax":false}},"text-and-image":{"type":"text-and-image","settings":{"title":"About your brand"}},"text-and-image2":{"type":"text-and-image","settings":{"title":"About your brand","layout":"left"}},"testimonials":{"type":"testimonials","blocks":{"testimonials-0":{"type":"testimonial","settings":{}},"testimonials-1":{"type":"testimonial","settings":{}},"testimonials-2":{"type":"testimonial","settings":{}}},"block_order":["testimonials-0","testimonials-1","testimonials-2"],"settings":{}},"loox-product-reviews-app-section":{"type":"apps","blocks":{"loox-product-reviews":{"type":"shopify:\/\/apps\/loox-product-reviews-photos\/blocks\/loox-dynamic-section\/5c3b337f-fd14-4df5-b1d6-80ec13e6e28e","settings":{"only_photos":false,"aggregated":false,"hide_thumbnails":false,"maxwidth":1080}}},"block_order":["loox-product-reviews"],"settings":{}}},"order":["main","sub","background-image-text","text-and-image","text-and-image2","testimonials","product-recommendations","recently-viewed","collection-return","loox-product-reviews-app-section"]}